"","Taxon","leaf.area","source"
"1","Acacia bakeri",16.25,"AUSTRAITS_dataset_68"
"2","Acacia bakeri",17.063,"AUSTRAITS_dataset_49"
"15","Acmena smithii",11.91,"AUSTRAITS_dataset_68"
"16","Acmena smithii",14,"AUSTRAITS_dataset_68"
"18","Acmena smithii",20.166,"AUSTRAITS_dataset_30"
"19","Acmena smithii",20.17,"AUSTRAITS_dataset_68"
"20","Acmena smithii",24.75,"AUSTRAITS_dataset_68"
"21","Acmena smithii",25.3,"Gallagher_field_workPHD"
"22","Acmena smithii",25.5,"AUSTRAITS_dataset_32"
"23","Acmena smithii",25.872,"AUSTRAITS_dataset_49"
"24","Acmena smithii",27.85,"AUSTRAITS_dataset_68"
"37","Acronychia oblongifolia",16.52,"AUSTRAITS_dataset_49"
"38","Acronychia oblongifolia",24.93,"Gallagher_field_workPHD"
"51","Ailanthus triphysa",6.5,"AUSTRAITS_dataset_68"
"52","Ailanthus triphysa",7.875,"AUSTRAITS_dataset_49"
"57","Alangium villosum",19,"AUSTRAITS_dataset_68"
"60","Alangium villosum",27.2,"AUSTRAITS_dataset_39"
"61","Alangium villosum",34.32,"Gallagher_field_workPHD"
"62","Alangium villosum",34.9,"Gallagher_field_workPHD"
"63","Alangium villosum",36.723,"AUSTRAITS_dataset_28"
"64","Alangium villosum",41.125,"AUSTRAITS_dataset_49"
"66","Alangium villosum",44.307,"AUSTRAITS_dataset_28"
"67","Alangium villosum",45.44,"AUSTRAITS_dataset_28"
"75","Alchornea ilicifolia",11.67,"AUSTRAITS_dataset_68"
"76","Alchornea ilicifolia",23.1,"AUSTRAITS_dataset_49"
"80","Alectryon tomentosus",23.625,"AUSTRAITS_dataset_49"
"86","Alphitonia excelsa",14.907,"AUSTRAITS_dataset_52"
"87","Alphitonia excelsa",14.91,"AUSTRAITS_dataset_68"
"88","Alphitonia excelsa",17.16,"AUSTRAITS_dataset_43"
"89","Alphitonia excelsa",17.2,"AUSTRAITS_dataset_61"
"90","Alphitonia excelsa",17.255,"AUSTRAITS_dataset_49"
"91","Alphitonia excelsa",17.587,"AUSTRAITS_dataset_52"
"92","Alphitonia excelsa",17.59,"AUSTRAITS_dataset_68"
"93","Alphitonia excelsa",20.928,"AUSTRAITS_dataset_8"
"95","Alphitonia excelsa",20.93,"AUSTRAITS_dataset_68"
"96","Alphitonia excelsa",22.17,"AUSTRAITS_dataset_68"
"98","Alphitonia excelsa",32.28,"AUSTRAITS_dataset_43"
"99","Alphitonia excelsa",32.3,"AUSTRAITS_dataset_45"
"101","Alphitonia excelsa",51.975,"AUSTRAITS_dataset_56"
"114","Alyxia ruscifolia",2.03,"AUSTRAITS_dataset_56"
"115","Alyxia ruscifolia",3.97,"AUSTRAITS_dataset_68"
"117","Alyxia ruscifolia",4.9,"AUSTRAITS_dataset_49"
"123","Aphananthe philippinensis",6,"AUSTRAITS_dataset_68"
"125","Aphananthe philippinensis",8.75,"AUSTRAITS_dataset_49"
"126","Aphananthe philippinensis",12.01,"Gallagher_field_workPHD"
"135","Aphananthe philippinensis",8.001142857,"C. James SEQLD field data"
"136","Aphananthe philippinensis",2.266,"C. James SEQLD field data"
"137","Aphananthe philippinensis",2.605,"C. James SEQLD field data"
"140","Araucaria cunninghamii",0.219,"AUSTRAITS_dataset_49"
"141","Araucaria cunninghamii",0.75,"AUSTRAITS_dataset_68"
"150","Archidendron muellerianum",19.833,"AUSTRAITS_dataset_68"
"151","Archidendron muellerianum",23.8,"AUSTRAITS_dataset_49"
"154","Archirhodomyrtus beckleri",6.476,"AUSTRAITS_dataset_8"
"155","Archirhodomyrtus beckleri",6.48,"AUSTRAITS_dataset_68"
"156","Archirhodomyrtus beckleri",7.67,"AUSTRAITS_dataset_68"
"157","Archirhodomyrtus beckleri",8.64,"AUSTRAITS_dataset_68"
"160","Archirhodomyrtus beckleri",10.535,"AUSTRAITS_dataset_49"
"161","Archirhodomyrtus beckleri",15.58,"AUSTRAITS_dataset_39"
"2807","Archontophoenix spp",225,"NSW flora online, leaf area calculated as mean leaf length * mean leaf width"
"168","Ardisia crenata",14.875,"NSW Flora Online"
"170","Argophyllum nullumense",24.5,"AUSTRAITS_dataset_49"
"174","Argyrodendron trifoliolatum",14.667,"AUSTRAITS_dataset_68"
"176","Argyrodendron trifoliolatum",20.568,"AUSTRAITS_dataset_52"
"192","Argyrodendron trifoliolatum",22.281,"C. James SEQLD field data"
"193","Argyrodendron trifoliolatum",27.192,"C. James SEQLD field data"
"199","Aristolochia elegans",25.025,"NSW Flora Online"
"202","Arytera distylis",10,"AUSTRAITS_dataset_68"
"204","Arytera distylis",10.5,"AUSTRAITS_dataset_49"
"206","Arytera divaricata",18.75,"AUSTRAITS_dataset_68"
"208","Arytera divaricata",35.77,"Gallagher_field_workPHD"
"209","Arytera divaricata",38.588,"AUSTRAITS_dataset_49"
"210","Arytera divaricata",43.6,"Gallagher_field_workPHD"
"211","Arytera divaricata",45.82,"Gallagher_field_workPHD"
"212","Arytera divaricata",46.61,"Gallagher_field_workPHD"
"223","Atalaya salicifolia",13.781,"AUSTRAITS_dataset_49"
"227","Atractocarpus chartaceus",11.67,"AUSTRAITS_dataset_68"
"228","Atractocarpus chartaceus",12.25,"AUSTRAITS_dataset_49"
"232","Auranticarpa rhombifolia",23.8,"AUSTRAITS_dataset_49"
"237","Backhousia myrtifolia",4.03,"AUSTRAITS_dataset_10"
"239","Backhousia myrtifolia",8.663,"AUSTRAITS_dataset_49"
"240","Backhousia myrtifolia",11.57,"AUSTRAITS_dataset_68"
"254","Beilschmiedia obtusifolia",14.67,"AUSTRAITS_dataset_68"
"257","Beilschmiedia obtusifolia",31.51,"Gallagher_field_workPHD"
"258","Beilschmiedia obtusifolia",33.6,"AUSTRAITS_dataset_49"
"266","Breynia oblongifolia",3.3,"AUSTRAITS_dataset_3"
"267","Breynia oblongifolia",1.2,"AUSTRAITS_dataset_10"
"271","Breynia oblongifolia",1.663,"AUSTRAITS_dataset_49"
"272","Breynia oblongifolia",2.08,"AUSTRAITS_dataset_68"
"273","Breynia oblongifolia",2.545,"AUSTRAITS_dataset_8"
"275","Breynia oblongifolia",2.55,"AUSTRAITS_dataset_68"
"276","Breynia oblongifolia",3.18,"AUSTRAITS_dataset_68"
"278","Breynia oblongifolia",4.758,"AUSTRAITS_dataset_30"
"279","Breynia oblongifolia",4.76,"AUSTRAITS_dataset_68"
"280","Breynia oblongifolia",5.691,"AUSTRAITS_dataset_12"
"281","Breynia oblongifolia",6.28,"AUSTRAITS_dataset_68"
"282","Breynia oblongifolia",6.281,"AUSTRAITS_dataset_8"
"300","Bridelia exaltata",19.83,"AUSTRAITS_dataset_68"
"301","Bridelia exaltata",20.825,"AUSTRAITS_dataset_49"
"304","Bridelia leichhardtii",10.264,"AUSTRAITS_dataset_49"
"305","Bursaria incana",3.15,"AUSTRAITS_dataset_29"
"306","Bursaria incana",3.325,"AUSTRAITS_dataset_49"
"311","Calamus muelleri",21.95,"Gallagher_field_workPHD"
"312","Calamus muelleri",47.25,"AUSTRAITS_dataset_68"
"314","Calamus muelleri",90.56,"AUSTRAITS_dataset_68"
"315","Calamus muelleri",54.675,"AUSTRAITS_dataset_68"
"324","Callerya megasperma",5.25,"AUSTRAITS_dataset_68"
"326","Callerya megasperma",12.833,"AUSTRAITS_dataset_68"
"327","Callerya megasperma",13.48,"Gallagher_field_workPHD"
"328","Callerya megasperma",7.35,"AUSTRAITS_dataset_49"
"348","Callistemon viminalis",3.535,"C. James SEQLD field data"
"349","Callistemon viminalis",3.792,"C. James SEQLD field data"
"350","Callistemon viminalis",2.064,"C. James SEQLD field data"
"352","Callistemon viminalis",2.45,"NSW Flora Online"
"355","Canarium australasicum",21,"AUSTRAITS_dataset_68"
"357","Canarium australasicum",26.6,"AUSTRAITS_dataset_49"
"365","Capparis arborea",16.25,"AUSTRAITS_dataset_68"
"367","Capparis arborea",16.35,"Gallagher_field_workPHD"
"368","Capparis arborea",17.83,"Gallagher_field_workPHD"
"369","Capparis arborea",23.625,"AUSTRAITS_dataset_49"
"370","Capparis arborea",27.995,"AUSTRAITS_dataset_28"
"371","Capparis arborea",31.538,"AUSTRAITS_dataset_28"
"372","Capparis arborea",33.117,"AUSTRAITS_dataset_28"
"373","Capparis arborea",33.12,"AUSTRAITS_dataset_68"
"380","Capparis velutina",18.2,"AUSTRAITS_dataset_49"
"381","Capparis velutina",19.6,"AUSTRAITS_dataset_49"
"2741","Cardiospermum grandiflorum",8.81,"NSW flora online"
"383","Carex appressa",17.48,"AUSTRAITS_dataset_68"
"384","Carex appressa",31.86,"AUSTRAITS_dataset_68"
"385","Carex appressa",36,"AUSTRAITS_dataset_10"
"2777","Carex spp",17.48,"AUSTRAITS_dataset_68"
"2778","Carex spp",31.86,"AUSTRAITS_dataset_68"
"2779","Carex spp",36,"AUSTRAITS_dataset_10"
"394","Carissa ovata",3.75,"AUSTRAITS_dataset_68"
"395","Carissa ovata",4.62,"AUSTRAITS_dataset_49"
"399","Carronia multisepalea",43.4,"AUSTRAITS_dataset_49"
"402","Carronia multisepalea",47.67,"AUSTRAITS_dataset_68"
"405","Castanospermum australe",27.65,"AUSTRAITS_dataset_32"
"406","Castanospermum australe",27.651,"AUSTRAITS_dataset_67"
"407","Castanospermum australe",29.333,"AUSTRAITS_dataset_68"
"409","Castanospermum australe",30.625,"AUSTRAITS_dataset_49"
"410","Castanospermum australe",48.39,"AUSTRAITS_dataset_68"
"423","Castanospermum australe",28.4685,"C. James SEQLD field data"
"424","Castanospermum australe",20.5552,"C. James SEQLD field data"
"427","Casuarina cunninghamiana",0.019,"AUSTRAITS_dataset_29"
"428","Casuarina cunninghamiana",0.188,"AUSTRAITS_dataset_8"
"430","Casuarina cunninghamiana",0.19,"AUSTRAITS_dataset_68"
"443","Casuarina cunninghamiana",1.120625,"C. James SEQLD field data"
"448","Cayratia clematidea",2.7,"AUSTRAITS_dataset_10"
"450","Cayratia clematidea",5.21,"AUSTRAITS_dataset_68"
"454","Cayratia clematidea",5.9,"Gallagher_field_workPHD"
"455","Cayratia clematidea",6.75,"AUSTRAITS_dataset_68"
"456","Cayratia clematidea",7.15,"Gallagher_field_workPHD"
"457","Cayratia clematidea",8.75,"AUSTRAITS_dataset_49"
"471","Celtis sinensis",93.2,"http://www.sciencedirect.com/science/article/pii/S1146609X06000452"
"475","Celtis sinensis",10.7586,"C. James SEQLD field data"
"476","Celtis sinensis",8.276,"C. James SEQLD field data"
"483","Cinnamomum camphora",11.128,"C. James SEQLD field data"
"487","Cinnamomum oliveri",19.17,"AUSTRAITS_dataset_68"
"490","Cinnamomum oliveri",29.4,"AUSTRAITS_dataset_49"
"496","Cissus antarctica",12.44,"Gallagher_field_workPHD"
"497","Cissus antarctica",18.67,"AUSTRAITS_dataset_68"
"499","Cissus antarctica",30.9,"AUSTRAITS_dataset_68"
"501","Cissus antarctica",31.53,"AUSTRAITS_dataset_68"
"503","Cissus antarctica",32.34,"AUSTRAITS_dataset_68"
"505","Cissus antarctica",35.379,"AUSTRAITS_dataset_52"
"507","Cissus antarctica",35.38,"AUSTRAITS_dataset_68"
"508","Cissus antarctica",39.16,"AUSTRAITS_dataset_68"
"510","Cissus antarctica",39.61,"Gallagher_field_workPHD"
"511","Cissus antarctica",39.9,"AUSTRAITS_dataset_49"
"512","Cissus antarctica",41.63,"AUSTRAITS_dataset_68"
"514","Cissus antarctica",45.46,"AUSTRAITS_dataset_68"
"517","Cissus antarctica",65.048,"AUSTRAITS_dataset_8"
"519","Cissus antarctica",65.05,"AUSTRAITS_dataset_68"
"537","Cissus hypoglauca",0.181,"AUSTRAITS_dataset_3"
"538","Cissus hypoglauca",2.816,"AUSTRAITS_dataset_10"
"539","Cissus hypoglauca",11.438,"AUSTRAITS_dataset_68"
"540","Cissus hypoglauca",11.44,"Gallagher_field_workPHD"
"541","Cissus hypoglauca",12.59,"AUSTRAITS_dataset_8"
"544","Cissus hypoglauca",15.67,"Gallagher_field_workPHD"
"546","Cissus hypoglauca",15.84,"Gallagher_field_workPHD"
"547","Cissus hypoglauca",16.5,"AUSTRAITS_dataset_68"
"549","Cissus hypoglauca",16.94,"Gallagher_field_workPHD"
"550","Cissus hypoglauca",16.942,"AUSTRAITS_dataset_68"
"551","Cissus hypoglauca",17.836,"AUSTRAITS_dataset_68"
"552","Cissus hypoglauca",17.84,"Gallagher_field_workPHD"
"553","Cissus hypoglauca",18.61,"AUSTRAITS_dataset_68"
"557","Cissus hypoglauca",22.969,"AUSTRAITS_dataset_49"
"558","Cissus hypoglauca",28.16,"AUSTRAITS_dataset_68"
"560","Cissus hypoglauca",28.756,"AUSTRAITS_dataset_8"
"579","Citronella moorei",35,"AUSTRAITS_dataset_68"
"581","Citronella moorei",36.75,"AUSTRAITS_dataset_49"
"589","Cleistanthus cunninghamii",12,"AUSTRAITS_dataset_68"
"591","Cleistanthus cunninghamii",12.6,"AUSTRAITS_dataset_49"
"592","Cleistanthus cunninghamii",23.15,"AUSTRAITS_dataset_68"
"593","Cleistanthus cunninghamii",23.153,"AUSTRAITS_dataset_28"
"594","Cleistanthus cunninghamii",23.23,"Gallagher_field_workPHD"
"595","Cleistanthus cunninghamii",25.488,"AUSTRAITS_dataset_28"
"596","Cleistanthus cunninghamii",42.292,"AUSTRAITS_dataset_28"
"598","Cleistanthus cunninghamii",13.7425,"C. James SEQLD field data"
"599","Cleistanthus cunninghamii",11.512,"C. James SEQLD field data"
"600","Cleistanthus cunninghamii",17.44616667,"C. James SEQLD field data"
"603","Clematis aristata",9,"AUSTRAITS_dataset_10"
"607","Clematis aristata",10.5,"AUSTRAITS_dataset_49"
"608","Clematis aristata",24.31,"Gallagher_field_workPHD"
"609","Clematis aristata",24.312,"AUSTRAITS_dataset_68"
"610","Clematis aristata",34,"AUSTRAITS_dataset_68"
"613","Clematis aristata",34.07,"AUSTRAITS_dataset_8"
"615","Clematis aristata",49.66,"Gallagher_field_workPHD"
"632","Clerodendrum floribundum",64.969,"AUSTRAITS_dataset_49"
"633","Clerodendrum floribundum",66.413,"AUSTRAITS_dataset_56"
"640","Commersonia bartramia",47.84,"Gallagher_field_workPHD"
"641","Commersonia bartramia",49,"AUSTRAITS_dataset_68"
"642","Commersonia bartramia",61.25,"AUSTRAITS_dataset_49"
"651","Croton acronychioides",19.6,"AUSTRAITS_dataset_49"
"654","Cryptocarya bidwillii",17.85,"AUSTRAITS_dataset_49"
"656","Cryptocarya glaucescens",18,"AUSTRAITS_dataset_68"
"657","Cryptocarya glaucescens",19,"AUSTRAITS_dataset_68"
"658","Cryptocarya glaucescens",19.95,"AUSTRAITS_dataset_49"
"659","Cryptocarya glaucescens",24,"AUSTRAITS_dataset_10"
"660","Cryptocarya glaucescens",27.93,"AUSTRAITS_dataset_68"
"661","Cryptocarya glaucescens",31.867,"AUSTRAITS_dataset_8"
"662","Cryptocarya glaucescens",32.706,"AUSTRAITS_dataset_8"
"663","Cryptocarya glaucescens",32.71,"AUSTRAITS_dataset_68"
"674","Cryptocarya laevigata",11.33,"AUSTRAITS_dataset_68"
"675","Cryptocarya laevigata",26.815,"AUSTRAITS_dataset_67"
"676","Cryptocarya laevigata",26.82,"AUSTRAITS_dataset_32"
"678","Cryptocarya laevigata",26.906,"AUSTRAITS_dataset_49"
"680","Cryptocarya laevigata",15.36933333,"C. James SEQLD field data"
"681","Cryptocarya laevigata",17.28425,"C. James SEQLD field data"
"682","Cryptocarya macdonaldii",30.8,"AUSTRAITS_dataset_49"
"683","Cryptocarya obovata",18,"AUSTRAITS_dataset_68"
"685","Cryptocarya obovata",18.9,"AUSTRAITS_dataset_49"
"689","Cryptocarya obovata",62.703,"C. James SEQLD field data"
"690","Cryptocarya obovata",71.423,"C. James SEQLD field data"
"691","Cryptocarya obovata",38.4326,"C. James SEQLD field data"
"693","Cryptocarya sclerophylla",14,"AUSTRAITS_dataset_49"
"694","Cryptocarya triplinervis",15,"AUSTRAITS_dataset_68"
"695","Cryptocarya triplinervis",15.81,"Gallagher_field_workPHD"
"701","Cryptocarya triplinervis",15.50616667,"C. James SEQLD field data"
"702","Cryptocarya triplinervis",13.042,"C. James SEQLD field data"
"710","Cupaniopsis anacardioides",26.667,"AUSTRAITS_dataset_68"
"711","Cupaniopsis anacardioides",30.13,"Gallagher_field_workPHD"
"712","Cupaniopsis anacardioides",34.54,"Gallagher_field_workPHD"
"713","Cupaniopsis anacardioides",34.79,"Gallagher_field_workPHD"
"714","Cupaniopsis anacardioides",37.013,"AUSTRAITS_dataset_56"
"716","Cupaniopsis anacardioides",39.88,"Gallagher_field_workPHD"
"717","Cupaniopsis anacardioides",41.398,"AUSTRAITS_dataset_68"
"733","Cupaniopsis anacardioides",11.727,"C. James SEQLD field data"
"734","Cupaniopsis newmanii",23.75,"AUSTRAITS_dataset_68"
"735","Cupaniopsis newmanii",24.938,"AUSTRAITS_dataset_49"
"737","Cupaniopsis serrata",15.75,"AUSTRAITS_dataset_49"
"740","Cyclophyllum coprosmoides",21.788,"AUSTRAITS_dataset_49"
"744","Cyperus involucratus",38.25,"NSW Flora Online,leaf area calculated from leaf dimensions"
"2791","Cyperus spp",38.25,"NSW Flora Online"
"745","Daphnandra apatela",19.25,"AUSTRAITS_dataset_68"
"747","Daphnandra apatela",20.213,"AUSTRAITS_dataset_49"
"748","Daphnandra tenuipes",12.75,"AUSTRAITS_dataset_68"
"749","Daphnandra tenuipes",13.388,"AUSTRAITS_dataset_49"
"752","Derris involuta",8.313,"AUSTRAITS_dataset_49"
"2809","Desmodium spp",14.7,"NSW flora online"
"758","Dioscorea transversa",8.03,"AUSTRAITS_dataset_68"
"759","Dioscorea transversa",8.035,"AUSTRAITS_dataset_8"
"760","Dioscorea transversa",12.777,"AUSTRAITS_dataset_8"
"761","Dioscorea transversa",12.78,"AUSTRAITS_dataset_68"
"762","Dioscorea transversa",15.65,"Gallagher_field_workPHD"
"763","Dioscorea transversa",17.12,"AUSTRAITS_dataset_68"
"765","Dioscorea transversa",20.78,"Gallagher_field_workPHD"
"766","Dioscorea transversa",26.03,"AUSTRAITS_dataset_68"
"768","Dioscorea transversa",28.33,"AUSTRAITS_dataset_68"
"771","Dioscorea transversa",32.13,"AUSTRAITS_dataset_68"
"773","Dioscorea transversa",44.1,"AUSTRAITS_dataset_49"
"786","Diospyros australis",0.26,"AUSTRAITS_dataset_3"
"787","Diospyros australis",11.27,"AUSTRAITS_dataset_10"
"788","Diospyros australis",12.513,"AUSTRAITS_dataset_49"
"789","Diospyros australis",14.249,"AUSTRAITS_dataset_52"
"791","Diospyros australis",14.25,"AUSTRAITS_dataset_68"
"792","Diospyros australis",15.48,"AUSTRAITS_dataset_68"
"793","Diospyros australis",19.28,"AUSTRAITS_dataset_8"
"796","Diospyros australis",19.699,"AUSTRAITS_dataset_8"
"798","Diospyros australis",19.92,"Gallagher_field_workPHD"
"799","Diospyros australis",21.15,"Gallagher_field_workPHD"
"800","Diospyros australis",22.31,"AUSTRAITS_dataset_68"
"801","Diospyros australis",22.313,"AUSTRAITS_dataset_52"
"803","Diospyros australis",23.74,"Gallagher_field_workPHD"
"812","Diospyros ellipticifolia",72.45,"AUSTRAITS_dataset_49"
"814","Diospyros fasciculosa",26.25,"AUSTRAITS_dataset_68"
"815","Diospyros fasciculosa",27.563,"AUSTRAITS_dataset_49"
"817","Diospyros geminata",16.538,"AUSTRAITS_dataset_49"
"818","Diospyros pentamera",10.5,"AUSTRAITS_dataset_68"
"821","Diospyros pentamera",12.82,"Gallagher_field_workPHD"
"822","Diospyros pentamera",13.85,"Gallagher_field_workPHD"
"823","Diospyros pentamera",14.7,"AUSTRAITS_dataset_49"
"824","Diospyros pentamera",16.5,"Gallagher_field_workPHD"
"825","Diospyros pentamera",20.88,"Gallagher_field_workPHD"
"839","Diploglottis australis",86,"AUSTRAITS_dataset_68"
"841","Diploglottis australis",90.3,"AUSTRAITS_dataset_49"
"842","Diploglottis australis",95.469,"AUSTRAITS_dataset_68"
"849","Dissiliaria baloghioides",26.775,"AUSTRAITS_dataset_49"
"853","Drypetes deplanchei",13,"AUSTRAITS_dataset_68"
"854","Drypetes deplanchei",17.01,"Gallagher_field_workPHD"
"855","Drypetes deplanchei",18.802,"AUSTRAITS_dataset_49"
"856","Drypetes deplanchei",20.28,"Gallagher_field_workPHD"
"857","Drypetes deplanchei",22.82,"AUSTRAITS_dataset_29"
"858","Drypetes deplanchei",22.86,"Gallagher_field_workPHD"
"859","Drypetes deplanchei",24.75,"Gallagher_field_workPHD"
"873","Dysoxylum rufum",29,"AUSTRAITS_dataset_68"
"874","Dysoxylum rufum",35.525,"AUSTRAITS_dataset_49"
"875","Dysoxylum rufum",47.77,"Gallagher_field_workPHD"
"883","Elaeagnus triflora",22.05,"AUSTRAITS_dataset_49"
"884","Elaeagnus triflora",26.98,"AUSTRAITS_dataset_68"
"891","Elaeocarpus grandis",22.5,"AUSTRAITS_dataset_68"
"893","Elaeocarpus grandis",27.62,"AUSTRAITS_dataset_32"
"900","Elaeocarpus obovatus",8.9,"Gallagher_field_workPHD"
"901","Elaeocarpus obovatus",12.5,"AUSTRAITS_dataset_68"
"902","Elaeocarpus obovatus",12.77,"Gallagher_field_workPHD"
"903","Elaeocarpus obovatus",13.125,"AUSTRAITS_dataset_49"
"913","Elattostachys nervosa",24,"AUSTRAITS_dataset_68"
"915","Elattostachys nervosa",25.2,"AUSTRAITS_dataset_49"
"916","Elattostachys nervosa",21.059,"C. James SEQLD field data"
"918","Elattostachys xylocarpa",10.083,"AUSTRAITS_dataset_68"
"919","Elattostachys xylocarpa",10.588,"AUSTRAITS_dataset_49"
"925","Embelia australiana",10.08,"AUSTRAITS_dataset_68"
"928","Embelia australiana",17.136,"AUSTRAITS_dataset_49"
"929","Embelia australiana",17.31,"AUSTRAITS_dataset_68"
"931","Embelia australiana",25.41,"AUSTRAITS_dataset_68"
"933","Embelia australiana",25.6,"AUSTRAITS_dataset_68"
"937","Embelia australiana",27.97,"AUSTRAITS_dataset_68"
"939","Embelia australiana",31.64,"Gallagher_field_workPHD"
"950","Endiandra discolor",16.33,"AUSTRAITS_dataset_68"
"952","Endiandra discolor",18.2,"AUSTRAITS_dataset_49"
"953","Endiandra discolor",23.37,"AUSTRAITS_dataset_39"
"954","Endiandra discolor",26.2,"Gallagher_field_workPHD"
"955","Endiandra discolor",44.49,"Gallagher_field_workPHD"
"986","Endiandra discolor",19.5572,"C. James SEQLD field data"
"962","Endiandra globosa",33,"AUSTRAITS_dataset_68"
"964","Endiandra globosa",41.948,"AUSTRAITS_dataset_49"
"968","Endiandra pubens",23.33,"AUSTRAITS_dataset_68"
"971","Endiandra pubens",24.5,"AUSTRAITS_dataset_49"
"974","Endiandra sieberi",9.1,"AUSTRAITS_dataset_49"
"975","Endiandra sieberi",21.61,"Gallagher_field_workPHD"
"982","Endiandra virens",16.625,"AUSTRAITS_dataset_49"
"987","Erythrina species 'croftby'",31.85,"AUSTRAITS_dataset_49"
"992","Eugenia uniflora",9.14375,"http://www.weeds.org.au/cgi-bin/weedident.cgi?tpl=plant.tpl&state=&s=&ibra=all&card=T40"
"994","Eupomatia bennettii",35,"AUSTRAITS_dataset_68"
"996","Eupomatia bennettii",60.638,"AUSTRAITS_dataset_49"
"999","Eupomatia laurina",22.17,"AUSTRAITS_dataset_68"
"1002","Eupomatia laurina",24.07,"AUSTRAITS_dataset_10"
"1004","Eupomatia laurina",30.52,"AUSTRAITS_dataset_68"
"1005","Eupomatia laurina",30.521,"AUSTRAITS_dataset_8"
"1006","Eupomatia laurina",30.95,"Gallagher_field_workPHD"
"1007","Eupomatia laurina",32.17,"Gallagher_field_workPHD"
"1008","Eupomatia laurina",32.39,"Gallagher_field_workPHD"
"1009","Eupomatia laurina",32.97,"AUSTRAITS_dataset_68"
"1010","Eupomatia laurina",32.972,"AUSTRAITS_dataset_28"
"1011","Eupomatia laurina",34.28,"AUSTRAITS_dataset_68"
"1012","Eupomatia laurina",34.281,"AUSTRAITS_dataset_8"
"1014","Eupomatia laurina",34.562,"AUSTRAITS_dataset_28"
"1015","Eupomatia laurina",34.639,"AUSTRAITS_dataset_8"
"1016","Eupomatia laurina",34.64,"AUSTRAITS_dataset_68"
"1017","Eupomatia laurina",35.92,"Gallagher_field_workPHD"
"1018","Eupomatia laurina",38.64,"AUSTRAITS_dataset_28"
"1019","Eupomatia laurina",40.28,"Gallagher_field_workPHD"
"1020","Eupomatia laurina",41.563,"AUSTRAITS_dataset_49"
"1021","Eupomatia laurina",42.437,"AUSTRAITS_dataset_8"
"1022","Eupomatia laurina",42.44,"AUSTRAITS_dataset_68"
"1023","Eupomatia laurina",75.65,"AUSTRAITS_dataset_39"
"1044","Euroschinus falcatus",13.75,"AUSTRAITS_dataset_68"
"1045","Euroschinus falcatus",19.1,"Gallagher_field_workPHD"
"1046","Euroschinus falcatus",22.6,"Gallagher_field_workPHD"
"1047","Euroschinus falcatus",23.53,"Gallagher_field_workPHD"
"1048","Euroschinus falcatus",23.87,"AUSTRAITS_dataset_49"
"1049","Euroschinus falcatus",28.94,"Gallagher_field_workPHD"
"1050","Euroschinus falcatus",40.42,"AUSTRAITS_dataset_39"
"1060","Ficus coronata",17.5,"AUSTRAITS_dataset_68"
"1061","Ficus coronata",18.375,"AUSTRAITS_dataset_49"
"1062","Ficus coronata",25.41,"AUSTRAITS_dataset_68"
"1063","Ficus coronata",25.412,"AUSTRAITS_dataset_8"
"1064","Ficus coronata",25.85,"AUSTRAITS_dataset_68"
"1065","Ficus coronata",25.852,"AUSTRAITS_dataset_28"
"1066","Ficus coronata",26.29,"Gallagher_field_workPHD"
"1067","Ficus coronata",36.716,"AUSTRAITS_dataset_8"
"1068","Ficus coronata",36.72,"AUSTRAITS_dataset_68"
"1069","Ficus coronata",41.718,"AUSTRAITS_dataset_28"
"1070","Ficus coronata",61.777,"AUSTRAITS_dataset_28"
"1081","Ficus coronata",34.577,"C. James SEQLD field data"
"1082","Ficus coronata",23.58366667,"C. James SEQLD field data"
"1083","Ficus coronata",41.381,"C. James SEQLD field data"
"1084","Ficus fraseri",29.925,"AUSTRAITS_dataset_49"
"1085","Ficus fraseri",30,"AUSTRAITS_dataset_68"
"1087","Ficus fraseri",31.232,"AUSTRAITS_dataset_28"
"1088","Ficus fraseri",35.68,"AUSTRAITS_dataset_28"
"1090","Ficus fraseri",39.952,"AUSTRAITS_dataset_28"
"1091","Ficus fraseri",45.28,"Gallagher_field_workPHD"
"1092","Ficus fraseri",52.133,"AUSTRAITS_dataset_28"
"1099","Ficus obliqua",16.979,"AUSTRAITS_dataset_49"
"1100","Ficus obliqua",20,"AUSTRAITS_dataset_68"
"1101","Ficus obliqua",21.22,"Gallagher_field_workPHD"
"1110","Ficus opposita",19.6,"AUSTRAITS_dataset_56"
"1111","Ficus opposita",46.638,"AUSTRAITS_dataset_49"
"1112","Ficus opposita",55.65,"AUSTRAITS_dataset_39"
"1117","Ficus racemosa",52.5,"AUSTRAITS_dataset_49"
"1118","Ficus racemosa",60.9,"AUSTRAITS_dataset_56"
"1119","Ficus racemosa",65.468,"AUSTRAITS_dataset_29"
"1120","Ficus racemosa",72,"AUSTRAITS_dataset_68"
"1127","Ficus virens",46.288,"AUSTRAITS_dataset_49"
"1130","Ficus watkinsiana",58.33,"AUSTRAITS_dataset_68"
"1132","Ficus watkinsiana",61.25,"Gallagher_field_workPHD"
"1133","Ficus watkinsiana",63,"AUSTRAITS_dataset_49"
"1147","Flagellaria indica",13.23,"AUSTRAITS_dataset_56"
"1148","Flagellaria indica",14.38,"AUSTRAITS_dataset_68"
"1149","Flagellaria indica",14.382,"AUSTRAITS_dataset_52"
"1151","Flagellaria indica",16.119,"AUSTRAITS_dataset_52"
"1153","Flagellaria indica",16.12,"AUSTRAITS_dataset_68"
"1154","Flagellaria indica",20.53,"AUSTRAITS_dataset_68"
"1164","Flagellaria indica",20.83,"AUSTRAITS_dataset_68"
"1167","Flagellaria indica",22.54,"AUSTRAITS_dataset_68"
"1169","Flagellaria indica",24.955,"AUSTRAITS_dataset_49"
"1170","Flagellaria indica",26.4,"AUSTRAITS_dataset_68"
"1172","Flagellaria indica",29.63,"AUSTRAITS_dataset_68"
"1174","Flagellaria indica",33.16,"Gallagher_field_workPHD"
"1175","Flagellaria indica",38.78,"AUSTRAITS_dataset_68"
"1196","Flindersia schottiana",33.75,"AUSTRAITS_dataset_68"
"1198","Flindersia schottiana",35.44,"Gallagher_field_workPHD"
"1199","Flindersia schottiana",55.878,"AUSTRAITS_dataset_49"
"1214","Geitonoplesium cymosum",1.54,"Gallagher_field_workPHD"
"1215","Geitonoplesium cymosum",2.209,"AUSTRAITS_dataset_8"
"1216","Geitonoplesium cymosum",2.21,"AUSTRAITS_dataset_68"
"1217","Geitonoplesium cymosum",2.55,"Gallagher_field_workPHD"
"1218","Geitonoplesium cymosum",2.82,"AUSTRAITS_dataset_10"
"1222","Geitonoplesium cymosum",3.02,"Gallagher_field_workPHD"
"1223","Geitonoplesium cymosum",3.98,"AUSTRAITS_dataset_68"
"1225","Geitonoplesium cymosum",5.6,"AUSTRAITS_dataset_68"
"1230","Geitonoplesium cymosum",5.61,"AUSTRAITS_dataset_68"
"1232","Geitonoplesium cymosum",6,"AUSTRAITS_dataset_68"
"1233","Geitonoplesium cymosum",6.01,"AUSTRAITS_dataset_68"
"1235","Geitonoplesium cymosum",9.04,"AUSTRAITS_dataset_68"
"1236","Geitonoplesium cymosum",9.041,"AUSTRAITS_dataset_8"
"1237","Geitonoplesium cymosum",9.713,"AUSTRAITS_dataset_49"
"1238","Geitonoplesium cymosum",9.8,"AUSTRAITS_dataset_68"
"1240","Geitonoplesium cymosum",11.51,"AUSTRAITS_dataset_68"
"1261","Glochidion ferdinandi",10.7,"AUSTRAITS_dataset_10"
"1262","Glochidion ferdinandi",12.513,"AUSTRAITS_dataset_49"
"1263","Glochidion ferdinandi",18.402,"AUSTRAITS_dataset_52"
"1265","Glochidion ferdinandi",20.23,"Gallagher_field_workPHD"
"1266","Glochidion ferdinandi",23.48,"Gallagher_field_workPHD"
"1267","Glochidion ferdinandi",25.351,"AUSTRAITS_dataset_30"
"1268","Glochidion ferdinandi",34.9,"Gallagher_field_workPHD"
"1294","Glochidion ferdinandi",26.659,"C. James SEQLD field data"
"1296","Grevillea robusta",1.155,"AUSTRAITS_dataset_49"
"1316","Grevillea robusta",116.052,"C. James SEQLD field data"
"1317","Grevillea robusta",30.65233333,"C. James SEQLD field data"
"1318","Grevillea robusta",28.242,"C. James SEQLD field data"
"1319","Grevillea robusta",43.236,"C. James SEQLD field data"
"1321","Guioa semiglauca",9.6,"AUSTRAITS_dataset_10"
"1323","Guioa semiglauca",10.833,"AUSTRAITS_dataset_68"
"1326","Guioa semiglauca",11.375,"AUSTRAITS_dataset_49"
"1327","Guioa semiglauca",11.77,"Gallagher_field_workPHD"
"1328","Guioa semiglauca",14.9,"Gallagher_field_workPHD"
"1329","Guioa semiglauca",16.8,"Gallagher_field_workPHD"
"1330","Guioa semiglauca",18.74,"Gallagher_field_workPHD"
"1331","Guioa semiglauca",19.7,"Gallagher_field_workPHD"
"1332","Guioa semiglauca",20.74,"Gallagher_field_workPHD"
"1349","Guioa semiglauca",14.64366667,"C. James SEQLD field data"
"1350","Guioa semiglauca",14.777,"C. James SEQLD field data"
"1351","Guioa semiglauca",10.48733333,"C. James SEQLD field data"
"1353","Helicia glabriflora",18.33,"AUSTRAITS_dataset_68"
"1354","Helicia glabriflora",19.25,"AUSTRAITS_dataset_49"
"1355","Helicia glabriflora",44.85,"Gallagher_field_workPHD"
"1360","Hibiscus heterophyllus",96.25,"AUSTRAITS_dataset_49"
"1362","Hicksbeachia pinnatifolia",41.33,"AUSTRAITS_dataset_68"
"1367","Hippocratea barbata",7.138,"AUSTRAITS_dataset_8"
"1368","Hippocratea barbata",7.14,"AUSTRAITS_dataset_68"
"1369","Hippocratea barbata",12.47,"AUSTRAITS_dataset_68"
"1372","Hippocratea barbata",17.15,"AUSTRAITS_dataset_68"
"1374","Hippocratea barbata",22.05,"AUSTRAITS_dataset_49"
"1383","Hodgkinsonia ovatiflora",10,"AUSTRAITS_dataset_68"
"1385","Hodgkinsonia ovatiflora",10.5,"AUSTRAITS_dataset_49"
"1388","Hymenosporum flavum",30,"AUSTRAITS_dataset_68"
"1390","Hymenosporum flavum",30.87,"AUSTRAITS_dataset_49"
"1398","Hymenosporum flavum",27.857,"C. James SEQLD field data"
"1404","Ixora beckleri",28.5,"AUSTRAITS_dataset_68"
"1406","Ixora beckleri",29.925,"AUSTRAITS_dataset_49"
"1411","Jagera pseudorhus",3.9,"AUSTRAITS_dataset_68"
"1414","Jagera pseudorhus",4.4,"Gallagher_field_workPHD"
"1415","Jagera pseudorhus",4.81,"Gallagher_field_workPHD"
"1416","Jagera pseudorhus",8.978,"AUSTRAITS_dataset_49"
"1427","Lantana camara",10.08,"AUSTRAITS_dataset_10"
"1429","Lantana camara",27.49,"AUSTRAITS_dataset_68"
"1430","Lantana camara",27.491,"AUSTRAITS_dataset_8"
"1432","Lantana camara",35.96,"AUSTRAITS_dataset_68"
"1433","Lantana camara",35.961,"AUSTRAITS_dataset_8"
"1438","Lantana camara",34.583,"C. James SEQLD field data"
"1440","Legnephora moorei",105.04,"AUSTRAITS_dataset_68"
"1443","Legnephora moorei",107.33,"AUSTRAITS_dataset_68"
"1444","Legnephora moorei",130.67,"AUSTRAITS_dataset_68"
"1445","Legnephora moorei",143.02,"AUSTRAITS_dataset_68"
"1447","Legnephora moorei",168.175,"AUSTRAITS_dataset_49"
"1456","Lepiderema pulchella",6.431,"AUSTRAITS_dataset_49"
"1464","Leucaena leucocephala",0.21175,"NSW Flora Online"
"1466","Ligustrum lucidum",27.95,"AUSTRAITS_dataset_68"
"1467","Ligustrum lucidum",27.951,"AUSTRAITS_dataset_8"
"1469","Ligustrum lucidum",48,"AUSTRAITS_dataset_10"
"1481","Ligustrum lucidum",14.0416,"C. James SEQLD field data"
"1493","Ligustrum sinense",3.6995,"C. James SEQLD field data"
"2804","Lomandra hystrix",85.25,"NSW flora online, leaf area calculated as mean leaf length * mean leaf width"
"1497","Lomandra longifolia",8.158,"AUSTRAITS_dataset_8"
"1498","Lomandra longifolia",15.39,"AUSTRAITS_dataset_68"
"1499","Lomandra longifolia",19.54,"AUSTRAITS_dataset_68"
"1500","Lomandra longifolia",19.541,"AUSTRAITS_dataset_8"
"1501","Lomandra longifolia",23.385,"AUSTRAITS_dataset_8"
"1502","Lomandra longifolia",23.39,"AUSTRAITS_dataset_68"
"1503","Lomandra longifolia",28.125,"AUSTRAITS_dataset_8"
"1504","Lomandra longifolia",28.13,"AUSTRAITS_dataset_68"
"1505","Lomandra longifolia",61.33,"AUSTRAITS_dataset_10"
"1508","Lomandra longifolia",81.58,"AUSTRAITS_dataset_68"
"1509","Lomandra longifolia",83.809,"AUSTRAITS_dataset_8"
"1510","Lomandra longifolia",83.81,"AUSTRAITS_dataset_68"
"2748","Lomandra sp",8.158,"AUSTRAITS_dataset_8"
"2749","Lomandra sp",15.39,"AUSTRAITS_dataset_68"
"2750","Lomandra sp",19.54,"AUSTRAITS_dataset_68"
"2751","Lomandra sp",19.541,"AUSTRAITS_dataset_8"
"2752","Lomandra sp",23.385,"AUSTRAITS_dataset_8"
"2753","Lomandra sp",23.39,"AUSTRAITS_dataset_68"
"2754","Lomandra sp",28.125,"AUSTRAITS_dataset_8"
"2755","Lomandra sp",28.13,"AUSTRAITS_dataset_68"
"2756","Lomandra sp",61.33,"AUSTRAITS_dataset_10"
"2759","Lomandra sp",81.58,"AUSTRAITS_dataset_68"
"2760","Lomandra sp",83.809,"AUSTRAITS_dataset_8"
"2761","Lomandra sp",83.81,"AUSTRAITS_dataset_68"
"1526","Lophostemon confertus",30.92,"AUSTRAITS_dataset_68"
"1527","Lophostemon confertus",36.444,"AUSTRAITS_dataset_49"
"1538","Lophostemon suaveolens",26.1,"AUSTRAITS_dataset_45"
"1539","Lophostemon suaveolens",26.14,"AUSTRAITS_dataset_61"
"1540","Lophostemon suaveolens",26.16,"AUSTRAITS_dataset_43"
"1541","Lophostemon suaveolens",32.27,"AUSTRAITS_dataset_39"
"1542","Lophostemon suaveolens",35.438,"AUSTRAITS_dataset_49"
"1543","Lophostemon suaveolens",51.46,"AUSTRAITS_dataset_43"
"1544","Lophostemon suaveolens",51.5,"AUSTRAITS_dataset_61"
"1561","Macadamia tetraphylla",37.52,"AUSTRAITS_dataset_49"
"1562","Macadamia tetraphylla",50.17,"AUSTRAITS_dataset_68"
"2738","Macfadyena unguiscati",14,"TWO VARIETIES OF THE INVASIVE CAT’S CLAW CREEPER, MACFADYENA UNGUIS-CATI (BIGNONIACEAE) IN QUEENSLAND, AUSTRALIA"
"1566","Maclura cochinchinensis",7.33,"AUSTRAITS_dataset_68"
"1567","Maclura cochinchinensis",7.45,"Gallagher_field_workPHD"
"1568","Maclura cochinchinensis",7.7,"AUSTRAITS_dataset_49"
"1569","Maclura cochinchinensis",7.83,"AUSTRAITS_dataset_68"
"1571","Maclura cochinchinensis",8.24,"Gallagher_field_workPHD"
"1572","Maclura cochinchinensis",8.25,"AUSTRAITS_dataset_68"
"1573","Maclura cochinchinensis",8.33,"AUSTRAITS_dataset_68"
"1575","Maclura cochinchinensis",8.35,"AUSTRAITS_dataset_68"
"1577","Maclura cochinchinensis",8.66,"AUSTRAITS_dataset_68"
"1579","Maclura cochinchinensis",8.99,"AUSTRAITS_dataset_68"
"1581","Maclura cochinchinensis",11.069,"AUSTRAITS_dataset_49"
"1582","Maclura cochinchinensis",11.1,"Gallagher_field_workPHD"
"1595","Mallotus claoxyloides",35.875,"AUSTRAITS_dataset_49"
"1597","Mallotus claoxyloides",28.5575,"C. James SEQLD field data"
"1599","Mallotus discolor",15.17,"AUSTRAITS_dataset_68"
"1600","Mallotus discolor",15.925,"AUSTRAITS_dataset_49"
"1602","Mallotus philippensis",24,"AUSTRAITS_dataset_68"
"1604","Mallotus philippensis",42.525,"AUSTRAITS_dataset_49"
"1605","Mallotus philippensis",53.594,"AUSTRAITS_dataset_29"
"1612","Mallotus philippensis",32.847,"C. James SEQLD field data"
"1613","Mallotus philippensis",39.816,"C. James SEQLD field data"
"1614","Mallotus philippensis",50.12733333,"C. James SEQLD field data"
"1615","Mallotus philippensis",51.384,"C. James SEQLD field data"
"1618","Marsdenia rostrata",25.5,"AUSTRAITS_dataset_68"
"1621","Marsdenia rostrata",25.548,"AUSTRAITS_dataset_8"
"1623","Marsdenia rostrata",25.55,"AUSTRAITS_dataset_68"
"1624","Marsdenia rostrata",31,"Gallagher_field_workPHD"
"1625","Marsdenia rostrata",39.813,"AUSTRAITS_dataset_49"
"1626","Marsdenia rostrata",48.8,"Gallagher_field_workPHD"
"1627","Marsdenia rostrata",49.5,"Gallagher_field_workPHD"
"1628","Marsdenia rostrata",49.98,"Gallagher_field_workPHD"
"1629","Marsdenia rostrata",52.18,"Gallagher_field_workPHD"
"1640","Medicosma cunninghamii",24.92,"AUSTRAITS_dataset_68"
"1641","Medicosma cunninghamii",26.163,"AUSTRAITS_dataset_49"
"1644","Melaleuca bracteata",0.299,"AUSTRAITS_dataset_49"
"1651","Melaleuca quinquenervia",7.508,"AUSTRAITS_dataset_49"
"2792","Melaleuca spp",0.299,"AUSTRAITS_dataset_49"
"1666","Melia azedarach",6.3,"AUSTRAITS_dataset_49"
"1678","Melodinus australis",10.5,"AUSTRAITS_dataset_68"
"1681","Melodinus australis",24.82,"AUSTRAITS_dataset_68"
"1695","Melodinus australis",49.613,"AUSTRAITS_dataset_49"
"1696","Melodinus australis",110.25,"AUSTRAITS_dataset_6"
"1704","Melodorum leichhardtii",21,"AUSTRAITS_dataset_68"
"1707","Melodorum leichhardtii",22.05,"AUSTRAITS_dataset_49"
"1708","Melodorum leichhardtii",37.19,"AUSTRAITS_dataset_68"
"1716","Melodorum leichhardtii",39.69,"AUSTRAITS_dataset_6"
"1723","Micromelum minutum",24.983,"AUSTRAITS_dataset_56"
"1724","Micromelum minutum",31.238,"AUSTRAITS_dataset_49"
"1729","Mischarytera lautereriana",21.175,"AUSTRAITS_dataset_49"
"1733","Mischocarpus australis",17.85,"AUSTRAITS_dataset_49"
"1734","Mischocarpus pyriformis",6.75,"AUSTRAITS_dataset_68"
"1735","Mischocarpus pyriformis",22.667,"AUSTRAITS_dataset_68"
"1736","Mischocarpus pyriformis",40.51,"Gallagher_field_workPHD"
"1737","Mischocarpus pyriformis",43.86,"Gallagher_field_workPHD"
"1738","Mischocarpus pyriformis",45.019,"AUSTRAITS_dataset_49"
"1739","Mischocarpus pyriformis",51.85,"Gallagher_field_workPHD"
"1740","Mischocarpus pyriformis",54.69,"Gallagher_field_workPHD"
"1748","Morinda jasminoides",3.33,"AUSTRAITS_dataset_10"
"1750","Morinda jasminoides",4.717,"AUSTRAITS_dataset_8"
"1752","Morinda jasminoides",4.72,"AUSTRAITS_dataset_68"
"1753","Morinda jasminoides",6.85,"AUSTRAITS_dataset_68"
"1754","Morinda jasminoides",6.92,"Gallagher_field_workPHD"
"1755","Morinda jasminoides",7,"AUSTRAITS_dataset_68"
"1758","Morinda jasminoides",9.16,"Gallagher_field_workPHD"
"1759","Morinda jasminoides",9.73,"AUSTRAITS_dataset_68"
"1770","Morinda jasminoides",9.78,"Gallagher_field_workPHD"
"1771","Morinda jasminoides",9.84,"AUSTRAITS_dataset_68"
"1772","Morinda jasminoides",9.843,"AUSTRAITS_dataset_8"
"1774","Morinda jasminoides",9.86,"AUSTRAITS_dataset_68"
"1775","Morinda jasminoides",9.861,"AUSTRAITS_dataset_8"
"1777","Morinda jasminoides",10.065,"AUSTRAITS_dataset_8"
"1779","Morinda jasminoides",10.07,"AUSTRAITS_dataset_68"
"1780","Morinda jasminoides",10.377,"AUSTRAITS_dataset_52"
"1782","Morinda jasminoides",11.13,"Gallagher_field_workPHD"
"1783","Morinda jasminoides",11.375,"AUSTRAITS_dataset_49"
"1784","Morinda jasminoides",11.67,"Gallagher_field_workPHD"
"1785","Morinda jasminoides",13.33,"Gallagher_field_workPHD"
"1786","Morinda jasminoides",14.06,"Gallagher_field_workPHD"
"1787","Morinda jasminoides",16.15,"Gallagher_field_workPHD"
"1809","Myrsine variabilis",4.03,"AUSTRAITS_dataset_68"
"1810","Myrsine variabilis",6.12,"Gallagher_field_workPHD"
"1811","Myrsine variabilis",8.67,"AUSTRAITS_dataset_68"
"1812","Myrsine variabilis",13.125,"AUSTRAITS_dataset_49"
"1813","Myrsine variabilis",15.07,"Gallagher_field_workPHD"
"1814","Myrsine variabilis",19.18,"Gallagher_field_workPHD"
"1815","Myrsine variabilis",34.97,"Gallagher_field_workPHD"
"2802","Nandina spp",11.8,"https://en.wikipedia.org/wiki/Nandina"
"1828","Neolitsea dealbata",27.618,"AUSTRAITS_dataset_8"
"1829","Neolitsea dealbata",27.62,"AUSTRAITS_dataset_68"
"1830","Neolitsea dealbata",38.406,"AUSTRAITS_dataset_8"
"1831","Neolitsea dealbata",38.41,"AUSTRAITS_dataset_68"
"1832","Neolitsea dealbata",38.94,"Gallagher_field_workPHD"
"1833","Neolitsea dealbata",43.75,"AUSTRAITS_dataset_68"
"1836","Neolitsea dealbata",52.28,"AUSTRAITS_dataset_68"
"1837","Neolitsea dealbata",56.84,"AUSTRAITS_dataset_68"
"1838","Neolitsea dealbata",63,"AUSTRAITS_dataset_49"
"1839","Neolitsea dealbata",81.31,"AUSTRAITS_dataset_68"
"1840","Neolitsea dealbata",81.312,"AUSTRAITS_dataset_28"
"1841","Neolitsea dealbata",86.03,"AUSTRAITS_dataset_39"
"1842","Neolitsea dealbata",98.812,"AUSTRAITS_dataset_28"
"1843","Neolitsea dealbata",101.356,"AUSTRAITS_dataset_28"
"1855","Neolitsea dealbata",55.9465,"C. James SEQLD field data"
"1856","Neolitsea dealbata",60.96633333,"C. James SEQLD field data"
"1857","Neolitsea dealbata",56.247,"C. James SEQLD field data"
"1859","Notelaea longifolia",20.15,"Gallagher_field_workPHD"
"1860","Notelaea longifolia",21.45,"AUSTRAITS_dataset_68"
"1862","Notelaea longifolia",22.839,"AUSTRAITS_dataset_12"
"1863","Notelaea longifolia",23.11,"Gallagher_field_workPHD"
"1864","Notelaea longifolia",25.38,"Gallagher_field_workPHD"
"1865","Notelaea longifolia",30.03,"AUSTRAITS_dataset_49"
"1866","Notelaea longifolia",33.76,"Gallagher_field_workPHD"
"1867","Notelaea longifolia",34.93,"Gallagher_field_workPHD"
"1868","Notelaea longifolia",39.04,"Gallagher_field_workPHD"
"1869","Notelaea longifolia",44.096,"AUSTRAITS_dataset_12"
"1870","Notelaea longifolia",89.49,"Gallagher_field_workPHD"
"1887","Notelaea microcarpa",4.8,"AUSTRAITS_dataset_68"
"1888","Notelaea microcarpa",4.801,"AUSTRAITS_dataset_8"
"1890","Notelaea microcarpa",5.653,"AUSTRAITS_dataset_49"
"1891","Notelaea microcarpa",18.84,"AUSTRAITS_dataset_68"
"1892","Notelaea microcarpa",18.844,"AUSTRAITS_dataset_8"
"1901","Ochna serrulata",3.26,"AUSTRAITS_dataset_10"
"1903","Ochna serrulata",5.31,"AUSTRAITS_dataset_68"
"1904","Ochna serrulata",5.313,"AUSTRAITS_dataset_8"
"1905","Ochna serrulata",10.05,"AUSTRAITS_dataset_68"
"1906","Ochna serrulata",10.055,"AUSTRAITS_dataset_52"
"1912","Olea paniculata",26.25,"AUSTRAITS_dataset_49"
"1913","Olea paniculata",33.78,"Gallagher_field_workPHD"
"1923","Pandorea pandorana",2.09,"AUSTRAITS_dataset_8"
"1925","Pandorea pandorana",2.182,"AUSTRAITS_dataset_8"
"1927","Pandorea pandorana",5.2,"AUSTRAITS_dataset_68"
"1937","Pandorea pandorana",5.6,"AUSTRAITS_dataset_68"
"1938","Pandorea pandorana",5.686,"AUSTRAITS_dataset_8"
"1941","Pandorea pandorana",6.55,"AUSTRAITS_dataset_8"
"1944","Pandorea pandorana",13.93,"Gallagher_field_workPHD"
"1945","Pandorea pandorana",14.02,"Gallagher_field_workPHD"
"1946","Pandorea pandorana",19.6,"AUSTRAITS_dataset_49"
"1947","Pandorea pandorana",26.25,"AUSTRAITS_dataset_10"
"1965","Pararchidendron pruinosum",6.667,"AUSTRAITS_dataset_68"
"1967","Pararchidendron pruinosum",14.333,"AUSTRAITS_dataset_49"
"1968","Pararchidendron pruinosum",16.43,"Gallagher_field_workPHD"
"1979","Parsonsia straminea",51.257,"AUSTRAITS_dataset_8"
"1982","Parsonsia straminea",68.297,"AUSTRAITS_dataset_52"
"1984","Parsonsia straminea",16.06,"AUSTRAITS_dataset_68"
"1985","Parsonsia straminea",25.3,"AUSTRAITS_dataset_10"
"1988","Parsonsia straminea",26.98,"Gallagher_field_workPHD"
"1989","Parsonsia straminea",31.53,"AUSTRAITS_dataset_68"
"1997","Parsonsia straminea",43.51,"Gallagher_field_workPHD"
"1998","Parsonsia straminea",44.33,"AUSTRAITS_dataset_68"
"2000","Parsonsia straminea",49,"AUSTRAITS_dataset_49"
"2001","Parsonsia straminea",50.03,"AUSTRAITS_dataset_8"
"2004","Parsonsia straminea",54.24,"Gallagher_field_workPHD"
"2021","Passiflora edulis",130.67,"AUSTRAITS_dataset_68"
"2037","Pavetta australiensis",47.775,"AUSTRAITS_dataset_49"
"2043","Phyllanthus microcladus",0.147,"AUSTRAITS_dataset_49"
"2047","Pilidiostigma rhytispermum",1.89,"AUSTRAITS_dataset_49"
"2051","Piper hederaceum",51.476,"AUSTRAITS_dataset_49"
"2053","Pittosporum multiflorum",0.26,"AUSTRAITS_dataset_68"
"2056","Pittosporum multiflorum",0.276,"AUSTRAITS_dataset_49"
"2060","Pittosporum undulatum",14.807,"AUSTRAITS_dataset_12"
"2061","Pittosporum undulatum",19.25,"AUSTRAITS_dataset_68"
"2063","Pittosporum undulatum",19.67,"AUSTRAITS_dataset_8"
"2066","Pittosporum undulatum",20.213,"AUSTRAITS_dataset_49"
"2067","Pittosporum undulatum",21.01,"Gallagher_field_workPHD"
"2068","Pittosporum undulatum",24.1,"AUSTRAITS_dataset_10"
"2070","Pittosporum undulatum",27.685,"AUSTRAITS_dataset_28"
"2071","Pittosporum undulatum",29.371,"AUSTRAITS_dataset_12"
"2072","Pittosporum undulatum",29.577,"AUSTRAITS_dataset_8"
"2074","Pittosporum undulatum",29.58,"AUSTRAITS_dataset_68"
"2075","Pittosporum undulatum",29.79,"Gallagher_field_workPHD"
"2076","Pittosporum undulatum",31.151,"AUSTRAITS_dataset_28"
"2077","Pittosporum undulatum",32.39,"AUSTRAITS_dataset_68"
"2078","Pittosporum undulatum",32.392,"AUSTRAITS_dataset_28"
"2079","Pittosporum undulatum",34.245,"AUSTRAITS_dataset_8"
"2080","Pittosporum undulatum",34.25,"AUSTRAITS_dataset_68"
"2081","Pittosporum undulatum",34.58,"Gallagher_field_workPHD"
"2082","Pittosporum undulatum",36.77,"Gallagher_field_workPHD"
"2083","Pittosporum undulatum",39.237,"AUSTRAITS_dataset_52"
"2085","Pittosporum undulatum",39.24,"AUSTRAITS_dataset_68"
"2108","Planchonella australis",29.4,"AUSTRAITS_dataset_49"
"2113","Pleurostylia opposita",10.5,"AUSTRAITS_dataset_49"
"2114","Polyscias elegans",16.98,"Gallagher_field_workPHD"
"2115","Polyscias elegans",26.917,"AUSTRAITS_dataset_68"
"2117","Polyscias elegans",27.36,"Gallagher_field_workPHD"
"2118","Polyscias elegans",28.35,"AUSTRAITS_dataset_49"
"2119","Polyscias elegans",32.97,"Gallagher_field_workPHD"
"2120","Polyscias elegans",33.38,"Gallagher_field_workPHD"
"2121","Polyscias elegans",35.9,"AUSTRAITS_dataset_61"
"2122","Polyscias elegans",32.336,"AUSTRAITS_dataset_43"
"2140","Pothos longipes",4.2,"AUSTRAITS_dataset_68"
"2149","Pouteria queenslandica",19.6,"AUSTRAITS_dataset_49"
"2150","Pouteria queenslandica",43.5,"AUSTRAITS_dataset_68"
"2152","Pseudoweinmannia lachnocarpa",15.356,"AUSTRAITS_dataset_49"
"2153","Pseudoweinmannia lachnocarpa",18,"AUSTRAITS_dataset_68"
"2160","Psychotria daphnoides",1.26,"AUSTRAITS_dataset_49"
"2164","Psychotria loniceroides",9.52,"AUSTRAITS_dataset_39"
"2165","Psychotria loniceroides",13.1,"Gallagher_field_workPHD"
"2166","Psychotria loniceroides",16.489,"AUSTRAITS_dataset_52"
"2168","Psychotria loniceroides",16.49,"AUSTRAITS_dataset_68"
"2169","Psychotria loniceroides",16.66,"Gallagher_field_workPHD"
"2170","Psychotria loniceroides",18.681,"AUSTRAITS_dataset_49"
"2171","Psychotria loniceroides",19.18,"AUSTRAITS_dataset_68"
"2172","Psychotria loniceroides",19.184,"AUSTRAITS_dataset_8"
"2174","Psychotria loniceroides",20.58,"AUSTRAITS_dataset_68"
"2176","Psychotria loniceroides",21.3,"AUSTRAITS_dataset_10"
"2178","Psychotria loniceroides",40.057,"AUSTRAITS_dataset_52"
"2180","Psychotria loniceroides",40.06,"AUSTRAITS_dataset_68"
"2191","Psychotria spp  'shute harbour'",18.9,"AUSTRAITS_dataset_49"
"2193","Psydrax odorata",14.7,"AUSTRAITS_dataset_49"
"2195","Pteridium esculentum",3.895,"AUSTRAITS_dataset_68"
"2197","Pteridium esculentum",5.728,"AUSTRAITS_dataset_8"
"2199","Pteridium esculentum",28.581,"AUSTRAITS_dataset_3"
"2209","Rhodamnia argentea",24.08,"AUSTRAITS_dataset_68"
"2211","Rhodamnia argentea",25.288,"AUSTRAITS_dataset_49"
"2217","Rhodamnia rubescens",16.25,"AUSTRAITS_dataset_68"
"2218","Rhodamnia rubescens",16.87,"AUSTRAITS_dataset_68"
"2219","Rhodamnia rubescens",17.063,"AUSTRAITS_dataset_49"
"2231","Rhodomyrtus psidioides",18.34,"Gallagher_field_workPHD"
"2232","Rhodomyrtus psidioides",33,"AUSTRAITS_dataset_68"
"2233","Rhodomyrtus psidioides",34.65,"AUSTRAITS_dataset_49"
"2234","Rhodomyrtus psidioides",41.39,"Gallagher_field_workPHD"
"2242","Rhodosphaera rhodanthema",7.963,"AUSTRAITS_dataset_49"
"2799","Ripogonum spp",37.2,"NSW flora online"
"2254","Rubus moluccanus",38.68,"AUSTRAITS_dataset_68"
"2256","Rubus moluccanus",64.313,"AUSTRAITS_dataset_49"
"2257","Rubus moluccanus",32.48,"AUSTRAITS_dataset_6"
"2265","Rubus rosifolius",2.72,"AUSTRAITS_dataset_68"
"2267","Rubus rosifolius",3.684,"AUSTRAITS_dataset_8"
"2270","Rubus rosifolius",4.428,"AUSTRAITS_dataset_49"
"2271","Rubus rosifolius",1.955,"AUSTRAITS_dataset_8"
"2286","Sarcopteryx stipata",9.89,"Gallagher_field_workPHD"
"2287","Sarcopteryx stipata",12.833,"AUSTRAITS_dataset_68"
"2290","Sarcopteryx stipata",13.475,"AUSTRAITS_dataset_49"
"2297","Schefflera actinophylla",108.588,"AUSTRAITS_dataset_56"
"2298","Schefflera actinophylla",126.35,"AUSTRAITS_dataset_49"
"2744","Schoenoplectus validus",97.5,"NSW flora online"
"2745","Senna pendula",3.06,"NSW flora online"
"2312","Senna septemtrionalis",8.65375,"NSW Flora Online"
"2313","Senna sulfurea",19.635,"AUSTRAITS_dataset_49"
"2316","Sloanea australis",31.9,"AUSTRAITS_dataset_68"
"2317","Sloanea australis",31.904,"AUSTRAITS_dataset_8"
"2319","Sloanea australis",80.17,"AUSTRAITS_dataset_68"
"2322","Sloanea australis",84.175,"AUSTRAITS_dataset_49"
"2338","Sloanea australis",46.346,"C. James SEQLD field data"
"2339","Sloanea australis",80.784,"C. James SEQLD field data"
"2329","Sloanea woollsii",34.67,"AUSTRAITS_dataset_68"
"2332","Sloanea woollsii",36.4,"AUSTRAITS_dataset_49"
"2340","Smilax australis",75,"AUSTRAITS_dataset_10"
"2342","Smilax australis",17.71,"Gallagher_field_workPHD"
"2343","Smilax australis",19.779,"AUSTRAITS_dataset_8"
"2344","Smilax australis",19.78,"AUSTRAITS_dataset_68"
"2346","Smilax australis",38.525,"AUSTRAITS_dataset_8"
"2347","Smilax australis",39.998,"AUSTRAITS_dataset_8"
"2348","Smilax australis",40,"AUSTRAITS_dataset_68"
"2349","Smilax australis",43.33,"AUSTRAITS_dataset_68"
"2351","Smilax australis",45.5,"AUSTRAITS_dataset_49"
"2352","Smilax australis",47.57,"AUSTRAITS_dataset_68"
"2358","Smilax australis",66.24,"AUSTRAITS_dataset_68"
"2360","Smilax australis",70.97,"AUSTRAITS_dataset_68"
"2361","Smilax australis",70.98,"Gallagher_field_workPHD"
"2363","Smilax australis",75.17,"AUSTRAITS_dataset_68"
"2365","Smilax australis",86,"AUSTRAITS_dataset_68"
"2367","Smilax australis",98.25,"AUSTRAITS_dataset_68"
"2396","Solanum mauritianum",119.4375,"NSW Flora Online"
"2403","Stephania japonica",22.116,"AUSTRAITS_dataset_8"
"2404","Stephania japonica",22.12,"AUSTRAITS_dataset_68"
"2405","Stephania japonica",27.83,"Gallagher_field_workPHD"
"2406","Stephania japonica",31.17,"AUSTRAITS_dataset_68"
"2408","Stephania japonica",34.36,"Gallagher_field_workPHD"
"2409","Stephania japonica",34.88,"Gallagher_field_workPHD"
"2410","Stephania japonica",38.65,"AUSTRAITS_dataset_68"
"2411","Stephania japonica",40.66,"Gallagher_field_workPHD"
"2412","Stephania japonica",44.68,"AUSTRAITS_dataset_68"
"2414","Stephania japonica",69.3,"AUSTRAITS_dataset_49"
"2415","Stephania japonica",80,"AUSTRAITS_dataset_10"
"2435","Sterculia quadrifida",40,"AUSTRAITS_dataset_68"
"2436","Sterculia quadrifida",114.188,"AUSTRAITS_dataset_56"
"2437","Sterculia quadrifida",119.35,"AUSTRAITS_dataset_49"
"2444","Streblus brunonianus",6.67,"AUSTRAITS_dataset_68"
"2445","Streblus brunonianus",8.33,"AUSTRAITS_dataset_68"
"2446","Streblus brunonianus",17.063,"AUSTRAITS_dataset_49"
"2452","Streblus brunonianus",15.77833333,"C. James SEQLD field data"
"2453","Streblus brunonianus",9.30775,"C. James SEQLD field data"
"2456","Synoum glandulosum",10.4,"AUSTRAITS_dataset_3"
"2457","Synoum glandulosum",8.646,"AUSTRAITS_dataset_12"
"2458","Synoum glandulosum",8.991,"AUSTRAITS_dataset_12"
"2459","Synoum glandulosum",10.097,"AUSTRAITS_dataset_12"
"2460","Synoum glandulosum",10.456,"AUSTRAITS_dataset_68"
"2463","Synoum glandulosum",10.5,"AUSTRAITS_dataset_68"
"2465","Synoum glandulosum",11.21,"AUSTRAITS_dataset_68"
"2466","Synoum glandulosum",13.183,"AUSTRAITS_dataset_28"
"2467","Synoum glandulosum",14.798,"AUSTRAITS_dataset_13"
"2469","Synoum glandulosum",16.21,"Gallagher_field_workPHD"
"2470","Synoum glandulosum",16.92,"AUSTRAITS_dataset_8"
"2472","Synoum glandulosum",18.375,"AUSTRAITS_dataset_49"
"2473","Synoum glandulosum",18.671,"AUSTRAITS_dataset_8"
"2476","Synoum glandulosum",18.72,"Gallagher_field_workPHD"
"2477","Synoum glandulosum",19.004,"AUSTRAITS_dataset_52"
"2480","Synoum glandulosum",24.16,"Gallagher_field_workPHD"
"2481","Synoum glandulosum",24.427,"AUSTRAITS_dataset_28"
"2482","Synoum glandulosum",25.1,"AUSTRAITS_dataset_52"
"2485","Synoum glandulosum",28.695,"AUSTRAITS_dataset_8"
"2488","Synoum glandulosum",29.64,"AUSTRAITS_dataset_28"
"2489","Synoum glandulosum",33.28,"Gallagher_field_workPHD"
"2490","Synoum glandulosum",107.663,"AUSTRAITS_dataset_28"
"2491","Synoum glandulosum",187.718,"AUSTRAITS_dataset_28"
"2492","Synoum glandulosum",203.557,"AUSTRAITS_dataset_28"
"2493","Synoum glandulosum",203.56,"AUSTRAITS_dataset_68"
"2513","Synoum glandulosum",26.38075,"C. James SEQLD field data"
"2515","Syzygium australe",10.419,"C. James SEQLD field data"
"2516","Syzygium australe",8.74,"Gallagher_field_workPHD"
"2517","Syzygium australe",8.86,"Gallagher_field_workPHD"
"2518","Syzygium australe",11.375,"AUSTRAITS_dataset_49"
"2519","Syzygium australe",17.17,"Gallagher_field_workPHD"
"2520","Syzygium australe",22.92,"Gallagher_field_workPHD"
"2532","Syzygium floribundum",24.456,"AUSTRAITS_dataset_49"
"2536","Syzygium luehmannii",3.6,"Gallagher_field_workPHD"
"2537","Syzygium luehmannii",6.125,"AUSTRAITS_dataset_49"
"2538","Syzygium luehmannii",6.67,"AUSTRAITS_dataset_68"
"2541","Syzygium luehmannii",6.68,"Gallagher_field_workPHD"
"2542","Syzygium luehmannii",8.53,"Gallagher_field_workPHD"
"2557","Syzygium oleosum",9.139,"AUSTRAITS_dataset_8"
"2558","Syzygium oleosum",9.14,"AUSTRAITS_dataset_68"
"2559","Syzygium oleosum",12.25,"AUSTRAITS_dataset_49"
"2560","Syzygium oleosum",12.5,"AUSTRAITS_dataset_68"
"2562","Syzygium oleosum",21.11,"Gallagher_field_workPHD"
"2563","Syzygium oleosum",23.81,"Gallagher_field_workPHD"
"2564","Syzygium oleosum",24,"Gallagher_field_workPHD"
"2565","Syzygium oleosum",31.096,"AUSTRAITS_dataset_8"
"2566","Syzygium oleosum",31.1,"AUSTRAITS_dataset_68"
"2583","Tabernaemontana pandacaqui",23.05,"AUSTRAITS_dataset_68"
"2584","Tabernaemontana pandacaqui",26.83,"AUSTRAITS_dataset_68"
"2586","Tabernaemontana pandacaqui",28.175,"AUSTRAITS_dataset_49"
"2595","Tecoma capensis",2.625,"NSW Flora Online"
"2600","Tecoma stans",8.3125,"NSW Flora Online"
"2604","Toechima tenax",6,"AUSTRAITS_dataset_68"
"2605","Toechima tenax",6.3,"AUSTRAITS_dataset_49"
"2608","Toona ciliata",11.349,"AUSTRAITS_dataset_52"
"2609","Toona ciliata",20.583,"AUSTRAITS_dataset_68"
"2610","Toona ciliata",23.275,"AUSTRAITS_dataset_49"
"2611","Toona ciliata",66.4,"AUSTRAITS_dataset_39"
"2622","Trema tomentosa",12.95,"Gallagher_field_workPHD"
"2623","Trema tomentosa",16.867,"AUSTRAITS_dataset_29"
"2624","Trema tomentosa",21.79,"AUSTRAITS_dataset_39"
"2625","Trema tomentosa",36.225,"AUSTRAITS_dataset_49"
"2637","Tristaniopsis laurina",13.88,"AUSTRAITS_dataset_68"
"2638","Tristaniopsis laurina",14.569,"AUSTRAITS_dataset_49"
"2651","Trophis scandens",10.08,"AUSTRAITS_dataset_68"
"2654","Trophis scandens",19.74,"Gallagher_field_workPHD"
"2655","Trophis scandens",21.57,"Gallagher_field_workPHD"
"2656","Trophis scandens",23.1,"AUSTRAITS_dataset_49"
"2657","Trophis scandens",23.339,"AUSTRAITS_dataset_52"
"2659","Trophis scandens",23.34,"AUSTRAITS_dataset_68"
"2660","Trophis scandens",26.26,"Gallagher_field_workPHD"
"2661","Trophis scandens",28.67,"Gallagher_field_workPHD"
"2662","Trophis scandens",31.77,"Gallagher_field_workPHD"
"2663","Trophis scandens",38.9,"Gallagher_field_workPHD"
"2678","Turraea pubescens",20.3,"AUSTRAITS_dataset_49"
"2681","Vitex melicopea",24.938,"AUSTRAITS_dataset_49"
"2682","Wikstroemia indica",3.26,"AUSTRAITS_dataset_49"
"2683","Wikstroemia indica",4,"AUSTRAITS_dataset_68"
"2684","Wikstroemia indica",8.36,"AUSTRAITS_dataset_39"
"2690","Wilkiea huegeliana",0.421,"AUSTRAITS_dataset_3"
"2691","Wilkiea huegeliana",20.12,"AUSTRAITS_dataset_68"
"2692","Wilkiea huegeliana",20.121,"AUSTRAITS_dataset_8"
"2693","Wilkiea huegeliana",21,"AUSTRAITS_dataset_68"
"2695","Wilkiea huegeliana",22.05,"AUSTRAITS_dataset_49"
"2696","Wilkiea huegeliana",30,"AUSTRAITS_dataset_10"
"2697","Wilkiea huegeliana",35,"AUSTRAITS_dataset_68"
"2698","Wilkiea huegeliana",35.001,"AUSTRAITS_dataset_8"
"2699","Wilkiea huegeliana",36.06,"AUSTRAITS_dataset_68"
"2700","Wilkiea huegeliana",40.527,"AUSTRAITS_dataset_8"
"2701","Wilkiea huegeliana",40.53,"AUSTRAITS_dataset_68"
"2702","Wilkiea huegeliana",42.119,"AUSTRAITS_dataset_8"
"2703","Wilkiea huegeliana",51.31,"Gallagher_field_workPHD"
"2704","Wilkiea huegeliana",51.5,"Gallagher_field_workPHD"
"2705","Wilkiea huegeliana",58.48,"AUSTRAITS_dataset_68"
"2706","Wilkiea huegeliana",58.481,"AUSTRAITS_dataset_8"
"2707","Wilkiea huegeliana",61.73,"Gallagher_field_workPHD"
"2708","Wilkiea huegeliana",79.45,"Gallagher_field_workPHD"
"2727","Wilkiea huegeliana",26.39525,"C. James SEQLD field data"
"2728","Wilkiea huegeliana",30.3035,"C. James SEQLD field data"
"2730","Wilkiea macrophylla",60,"AUSTRAITS_dataset_68"
"2731","Wilkiea macrophylla",63,"AUSTRAITS_dataset_49"
