"","Taxon","SLA","source"
"1398","Acacia fimbriata",8.88,"AUSTRAITS_dataset_5"
"698","Acmena smithii",10.41,"AUSTRAITS_dataset_32"
"1264","Acmena smithii",8.84251481121231,"Gallagher_field_workPHD"
"1352","Acmena smithii",8.19672131147541,"AUSTRAITS_dataset_32"
"1275","Acronychia oblongifolia",14.8898153662895,"Gallagher_field_workPHD"
"1286","Acronychia oblongifolia",12.0656370656371,"Gallagher_field_workPHD"
"1416","Acronychia oblongifolia",18.09,"AUSTRAITS_dataset_10"
"2242","Acronychia oblongifolia",13.47730413,"raw data from Gallagher RV & Leishman MR (2012). Contrasting patterns of community assembly in lianas and trees from temperate Australia. Oikos 121: 2026-2035"
"745","Alangium villosum",14.7405660377358,"AUSTRAITS_dataset_39"
"930","Alangium villosum",15.616,"AUSTRAITS_dataset_28"
"1011","Alangium villosum",19.461,"AUSTRAITS_dataset_28"
"1020","Alangium villosum",19.214,"AUSTRAITS_dataset_28"
"1297","Alangium villosum",20.1491033649003,"Gallagher_field_workPHD"
"1308","Alangium villosum",17.4550532379124,"Gallagher_field_workPHD"
"379","Alphitonia excelsa",7.972,"AUSTRAITS_dataset_52"
"437","Alphitonia excelsa",7.57002271006813,"AUSTRAITS_dataset_43"
"445","Alphitonia excelsa",17.031,"AUSTRAITS_dataset_52"
"565","Alphitonia excelsa",9.897,"AUSTRAITS_dataset_8"
"849","Alphitonia excelsa",12.4069478908189,"AUSTRAITS_dataset_43"
"1385","Alphitonia excelsa",9.44,"AUSTRAITS_dataset_32"
"1319","Aphananthe philippinensis",13.9625802848366,"Gallagher_field_workPHD"
"2442","Aphananthe philippinensis",15.86007204,"C. James SEQLD field data"
"2451","Aphananthe philippinensis",18.30862097,"C. James SEQLD field data"
"2459","Aphananthe philippinensis",12.23707656,"C. James SEQLD field data"
"146","Archirhodomyrtus beckleri",11.899,"AUSTRAITS_dataset_8"
"196","Archirhodomyrtus beckleri",13.155,"AUSTRAITS_dataset_8"
"387","Archirhodomyrtus beckleri",8.43881856540084,"AUSTRAITS_dataset_39"
"553","Argyrodendron trifoliolatum",11.018,"AUSTRAITS_dataset_52"
"1357","Argyrodendron trifoliolatum",12.30012300123,"AUSTRAITS_dataset_32"
"1358","Argyrodendron trifoliolatum",8.13008130081301,"AUSTRAITS_dataset_32"
"2455","Argyrodendron trifoliolatum",12.60027611,"C. James SEQLD field data"
"2486","Argyrodendron trifoliolatum",13.60467623,"C. James SEQLD field data"
"1158","Arytera divaricata",11.0180696342001,"Gallagher_field_workPHD"
"1169","Arytera divaricata",10.1317122593718,"Gallagher_field_workPHD"
"1330","Arytera divaricata",11.4311842706904,"Gallagher_field_workPHD"
"1341","Arytera divaricata",11.2233445566779,"Gallagher_field_workPHD"
"77","Backhousia myrtifolia",8.55,"AUSTRAITS_dataset_10"
"2237","Backhousia myrtifolia",11.97272995,"J. Lawson"
"1180","Beilschmiedia obtusifolia",10.9878035380727,"Gallagher_field_workPHD"
"3","Breynia oblongifolia",10.15,"AUSTRAITS_dataset_3"
"24","Breynia oblongifolia",15.76,"AUSTRAITS_dataset_10"
"39","Breynia oblongifolia",14,"AUSTRAITS_dataset_8"
"55","Breynia oblongifolia",11.951,"AUSTRAITS_dataset_8"
"128","Breynia oblongifolia",8.6551,"AUSTRAITS_dataset_12"
"141","Breynia oblongifolia",17.198,"AUSTRAITS_dataset_8"
"1191","Calamus muelleri",12.6678489992399,"Gallagher_field_workPHD"
"1366","Calamus muelleri",13.418,"Gallagher_field_workPHD"
"2453","Callistemon viminalis",7.783176551,"C. James SEQLD field data"
"2460","Callistemon viminalis",10.52503171,"C. James SEQLD field data"
"2496","Callistemon viminalis",7.72893307,"C. James SEQLD field data"
"765","Capparis arborea",7.522,"AUSTRAITS_dataset_28"
"836","Capparis arborea",8.463,"AUSTRAITS_dataset_28"
"865","Capparis arborea",7.417,"AUSTRAITS_dataset_28"
"1202","Capparis arborea",11.3934146063575,"Gallagher_field_workPHD"
"1213","Capparis arborea",9.67117988394584,"Gallagher_field_workPHD"
"922","Carex appressa",14.14,"AUSTRAITS_dataset_10"
"754","Castanospermum australe",8.54700854700855,"AUSTRAITS_dataset_32"
"755","Castanospermum australe",8.5536,"AUSTRAITS_dataset_67"
"1354","Castanospermum australe",16.8918918918919,"AUSTRAITS_dataset_32"
"1390","Castanospermum australe",12.3053,"AUSTRAITS_dataset_32"
"1414","Castanospermum australe",13.524,"AUSTRAITS_dataset_52"
"2443","Castanospermum australe",22.6177949,"C. James SEQLD field data"
"2471","Castanospermum australe",20.12522841,"C. James SEQLD field data"
"7","Casuarina cunninghamiana",3.724,"AUSTRAITS_dataset_8"
"1375","Casuarina cunninghamiana",3.5164,"AUSTRAITS_dataset_32"
"2224","Casuarina cunninghamiana",1.409440228,"Kyle_Hunter Plant Traits"
"2454","Casuarina cunninghamiana",2.650923594,"C. James SEQLD field data"
"1399","Casuarina littoralis",4.57,"AUSTRAITS_dataset_10"
"43","Cayratia clematidea",18.52,"AUSTRAITS_dataset_10"
"1224","Cayratia clematidea",59.0667454223272,"Gallagher_field_workPHD"
"1235","Cayratia clematidea",37.9218809252939,"Gallagher_field_workPHD"
"1380","Cayratia clematidea",49.189,"Gallagher_field_workPHD"
"2256","Cayratia clematidea",40.73803,"from raw data in Anna-Maria Llorens, Michelle R. Leishman. 2008. Climbing strategies determine light availability for both vines and associated structural hosts. Australian Journal of Botany 56, 527–534."
"2438","Celtis sinensis",19.6618167518679,"http://www.sciencedirect.com/science/article/pii/S1146609X06000452"
"2472","Celtis sinensis",23.86062757,"C. James SEQLD field data"
"2497","Celtis sinensis",39.20672017,"C. James SEQLD field data"
"2474","Cinnamomum camphora",16.44677541,"C. James SEQLD field data"
"908","Cissus antarctica",11.076,"AUSTRAITS_dataset_52"
"1092","Cissus antarctica",18.973,"AUSTRAITS_dataset_8"
"1246","Cissus antarctica",21.9298245614035,"Gallagher_field_workPHD"
"1257","Cissus antarctica",20.3583061889251,"Gallagher_field_workPHD"
"1265","Cissus antarctica",18.2781941144215,"Gallagher_field_workPHD"
"1266","Cissus antarctica",18.1554103122731,"Gallagher_field_workPHD"
"1267","Cissus antarctica",17.0299727520436,"Gallagher_field_workPHD"
"1268","Cissus antarctica",15.053439710974,"Gallagher_field_workPHD"
"1269","Cissus antarctica",10.51745898191,"Gallagher_field_workPHD"
"1367","Cissus antarctica",15.024,"Gallagher_field_workPHD"
"2232","Cissus antarctica",9.91,"Mueller JM. 2009.  Conservation Management Under Climate Change: On Tropical Drought Resistance, Non-native Species Response to Increasing Disturbance, and Assisted Migration. MSc thesis, University of Notre Dame."
"6","Cissus hypoglauca",12.16,"AUSTRAITS_dataset_3"
"47","Cissus hypoglauca",13.22,"AUSTRAITS_dataset_10"
"324","Cissus hypoglauca",8.528,"AUSTRAITS_dataset_8"
"782","Cissus hypoglauca",15.833,"AUSTRAITS_dataset_8"
"1270","Cissus hypoglauca",26.6524520255863,"Gallagher_field_workPHD"
"1271","Cissus hypoglauca",19.657951641439,"Gallagher_field_workPHD"
"1272","Cissus hypoglauca",12.5078173858662,"Gallagher_field_workPHD"
"1273","Cissus hypoglauca",12.0889748549323,"Gallagher_field_workPHD"
"1274","Cissus hypoglauca",10.8260257659413,"Gallagher_field_workPHD"
"1364","Cissus hypoglauca",12.18,"Gallagher_field_workPHD"
"619","Cleistanthus cunninghamii",12.618,"AUSTRAITS_dataset_28"
"697","Cleistanthus cunninghamii",11.409,"AUSTRAITS_dataset_28"
"993","Cleistanthus cunninghamii",11.487,"AUSTRAITS_dataset_28"
"1276","Cleistanthus cunninghamii",12.3076923076923,"Gallagher_field_workPHD"
"2444","Cleistanthus cunninghamii",23.39214106,"C. James SEQLD field data"
"2469","Cleistanthus cunninghamii",19.15389699,"C. James SEQLD field data"
"2487","Cleistanthus cunninghamii",20.56826249,"C. James SEQLD field data"
"22","Clematis aristata",30.88,"AUSTRAITS_dataset_10"
"878","Clematis aristata",30.771,"AUSTRAITS_dataset_8"
"1277","Clematis aristata",13.294336612603,"Gallagher_field_workPHD"
"1278","Clematis aristata",12.8155837498398,"Gallagher_field_workPHD"
"1279","Commersonia bartramia",11.5035085701139,"Gallagher_field_workPHD"
"641","Cryptocarya glaucescens",10.87,"AUSTRAITS_dataset_10"
"841","Cryptocarya glaucescens",10.72,"AUSTRAITS_dataset_8"
"857","Cryptocarya glaucescens",9.762,"AUSTRAITS_dataset_8"
"732","Cryptocarya laevigata",11.4758,"AUSTRAITS_dataset_67"
"733","Cryptocarya laevigata",11.4942528735632,"AUSTRAITS_dataset_32"
"2470","Cryptocarya laevigata ",16.30764918,"C. James SEQLD field data"
"2488","Cryptocarya laevigata ",15.270594,"C. James SEQLD field data"
"2445","Cryptocarya obovata",12.99438903,"C. James SEQLD field data"
"2482","Cryptocarya obovata",12.09116055,"C. James SEQLD field data"
"2489","Cryptocarya obovata",14.66140653,"C. James SEQLD field data"
"1280","Cryptocarya triplinervis",10.673497705198,"Gallagher_field_workPHD"
"2446","Cryptocarya triplinervis",20.90978699,"C. James SEQLD field data"
"2456","Cryptocarya triplinervis",12.92571492,"C. James SEQLD field data"
"1281","Cupaniopsis anacardioides",12.5250501002004,"Gallagher_field_workPHD"
"1282","Cupaniopsis anacardioides",11.5700566932778,"Gallagher_field_workPHD"
"1283","Cupaniopsis anacardioides",10.0735368187771,"Gallagher_field_workPHD"
"1284","Cupaniopsis anacardioides",9.94134605825629,"Gallagher_field_workPHD"
"1403","Cupaniopsis anacardioides",9.287,"AUSTRAITS_dataset_52"
"1411","Cupaniopsis anacardioides",12.14,"AUSTRAITS_dataset_52"
"2461","Cupaniopsis anarcoides",8.267044811,"C. James SEQLD field data"
"183","Dioscorea transversa",44.244,"AUSTRAITS_dataset_8"
"330","Dioscorea transversa",51.646,"AUSTRAITS_dataset_8"
"1285","Dioscorea transversa",40.3388463089956,"Gallagher_field_workPHD"
"1287","Dioscorea transversa",39.9201596806387,"Gallagher_field_workPHD"
"1288","Dioscorea transversa",39.4321766561514,"Gallagher_field_workPHD"
"1289","Dioscorea transversa",35.2236703064459,"Gallagher_field_workPHD"
"1379","Dioscorea transversa",47.945,"Gallagher_field_workPHD"
"13","Diospyros australis",8.75,"AUSTRAITS_dataset_3"
"294","Diospyros australis",6.71,"AUSTRAITS_dataset_10"
"360","Diospyros australis",6.065,"AUSTRAITS_dataset_52"
"505","Diospyros australis",7.395,"AUSTRAITS_dataset_8"
"522","Diospyros australis",6.576,"AUSTRAITS_dataset_8"
"601","Diospyros australis",8.291,"AUSTRAITS_dataset_52"
"1290","Diospyros australis",7.82227784730914,"Gallagher_field_workPHD"
"1291","Diospyros australis",7.36756796581449,"Gallagher_field_workPHD"
"1292","Diospyros australis",7.23327305605787,"Gallagher_field_workPHD"
"1355","Diospyros australis",6.17283950617284,"AUSTRAITS_dataset_32"
"1293","Diospyros pentamera",9.47059380623165,"Gallagher_field_workPHD"
"1294","Diospyros pentamera",8.45880561664693,"Gallagher_field_workPHD"
"1295","Diospyros pentamera",8.40477391158178,"Gallagher_field_workPHD"
"1296","Diospyros pentamera",7.06065099202146,"Gallagher_field_workPHD"
"1298","Drypetes deplanchei",12.0148984741079,"Gallagher_field_workPHD"
"1299","Drypetes deplanchei",10.3852944230969,"Gallagher_field_workPHD"
"1300","Drypetes deplanchei",9.44733112895607,"Gallagher_field_workPHD"
"1301","Drypetes deplanchei",9.38174312787316,"Gallagher_field_workPHD"
"1302","Dysoxylum rufum",24.5459008345606,"Gallagher_field_workPHD"
"752","Elaeocarpus grandis",8.19672131147541,"AUSTRAITS_dataset_32"
"1396","Elaeocarpus grandis",19.6078,"AUSTRAITS_dataset_32"
"1303","Elaeocarpus obovatus",13.1319763624425,"Gallagher_field_workPHD"
"1304","Elaeocarpus obovatus",8.55139387720198,"Gallagher_field_workPHD"
"2490","Elattostachys nervosa",17.63055773,"C. James SEQLD field data"
"1305","Embelia australiana",13.5007425408397,"Gallagher_field_workPHD"
"1306","Embelia australiana",13.2345156167284,"Gallagher_field_workPHD"
"1307","Embelia australiana",12.187690432663,"Gallagher_field_workPHD"
"1309","Embelia australiana",12.1773015099854,"Gallagher_field_workPHD"
"1365","Embelia australiana",12.775,"Gallagher_field_workPHD"
"628","Endiandra discolor",7.6057195010648,"AUSTRAITS_dataset_39"
"1310","Endiandra discolor",11.0497237569061,"Gallagher_field_workPHD"
"1311","Endiandra discolor",10.5241001894338,"Gallagher_field_workPHD"
"1312","Endiandra sieberi",9.2695587690026,"Gallagher_field_workPHD"
"2464","Enidandra discolor",11.85088646,"C. James SEQLD field data"
"647","Eupomatia laurina",13.33,"AUSTRAITS_dataset_10"
"809","Eupomatia laurina",15.655,"AUSTRAITS_dataset_8"
"861","Eupomatia laurina",15.393,"AUSTRAITS_dataset_28"
"883","Eupomatia laurina",10.294,"AUSTRAITS_dataset_8"
"888","Eupomatia laurina",15.724,"AUSTRAITS_dataset_28"
"890","Eupomatia laurina",14.433,"AUSTRAITS_dataset_8"
"949","Eupomatia laurina",14.9,"AUSTRAITS_dataset_28"
"994","Eupomatia laurina",12.694,"AUSTRAITS_dataset_8"
"1108","Eupomatia laurina",14.3988480921526,"AUSTRAITS_dataset_39"
"1313","Eupomatia laurina",19.739439399921,"Gallagher_field_workPHD"
"1314","Eupomatia laurina",17.0648464163823,"Gallagher_field_workPHD"
"1315","Eupomatia laurina",15.6666144446185,"Gallagher_field_workPHD"
"1316","Eupomatia laurina",15.389350569406,"Gallagher_field_workPHD"
"1317","Eupomatia laurina",14.1643059490085,"Gallagher_field_workPHD"
"1318","Eupomatia laurina",5.64525234277972,"Gallagher_field_workPHD"
"1394","Eupomatia laurina",16.958,"AUSTRAITS_dataset_32"
"1415","Eupomatia laurina",17.591,"AUSTRAITS_dataset_52"
"975","Euroschinus falcatus",12.9954515919428,"AUSTRAITS_dataset_39"
"1320","Euroschinus falcatus",16.6306336271412,"Gallagher_field_workPHD"
"1321","Euroschinus falcatus",13.7532664007702,"Gallagher_field_workPHD"
"1322","Euroschinus falcatus",12.8832775057975,"Gallagher_field_workPHD"
"1323","Euroschinus falcatus",12.093360744951,"Gallagher_field_workPHD"
"696","Ficus coronata",15.422,"AUSTRAITS_dataset_8"
"710","Ficus coronata",15.496,"AUSTRAITS_dataset_28"
"928","Ficus coronata",15.645,"AUSTRAITS_dataset_8"
"990","Ficus coronata",16.555,"AUSTRAITS_dataset_28"
"1086","Ficus coronata",15.528,"AUSTRAITS_dataset_28"
"1324","Ficus coronata",22.6039783001808,"Gallagher_field_workPHD"
"1391","Ficus coronata",13.3364,"AUSTRAITS_dataset_32"
"2248","Ficus coronata",18.35258043,"Kyle_Hunter Plant Traits"
"2447","Ficus coronata",19.1175011,"C. James SEQLD field data"
"2466","Ficus coronata",16.82307866,"C. James SEQLD field data"
"2498","Ficus coronata",15.64193578,"C. James SEQLD field data"
"823","Ficus fraseri",22.428,"AUSTRAITS_dataset_28"
"914","Ficus fraseri",9.902,"AUSTRAITS_dataset_28"
"967","Ficus fraseri",14.414,"AUSTRAITS_dataset_28"
"1063","Ficus fraseri",10.891,"AUSTRAITS_dataset_28"
"1325","Ficus fraseri",18.3823529411765,"Gallagher_field_workPHD"
"1326","Ficus obliqua",13.2100396301189,"Gallagher_field_workPHD"
"1070","Ficus opposita",8.27403607479729,"AUSTRAITS_dataset_39"
"365","Flagellaria indica",18.496,"AUSTRAITS_dataset_52"
"396","Flagellaria indica",14.522,"AUSTRAITS_dataset_52"
"1327","Flagellaria indica",26.5604249667995,"Gallagher_field_workPHD"
"1328","Flagellaria indica",22.4265530387979,"Gallagher_field_workPHD"
"1329","Flagellaria indica",21.7013888888889,"Gallagher_field_workPHD"
"1331","Flagellaria indica",18.2848784055586,"Gallagher_field_workPHD"
"1332","Flagellaria indica",12.2669283611384,"Gallagher_field_workPHD"
"1368","Flagellaria indica",16.509,"Gallagher_field_workPHD"
"1356","Flindersia schottiana",9.53288846520496,"AUSTRAITS_dataset_32"
"37","Geitonoplesium cymosum",53.112,"AUSTRAITS_dataset_8"
"48","Geitonoplesium cymosum",40.14,"AUSTRAITS_dataset_10"
"216","Geitonoplesium cymosum",25.831,"AUSTRAITS_dataset_8"
"1333","Geitonoplesium cymosum",39.2003136025088,"Gallagher_field_workPHD"
"1334","Geitonoplesium cymosum",37.0096225018505,"Gallagher_field_workPHD"
"1335","Geitonoplesium cymosum",35.0262697022767,"Gallagher_field_workPHD"
"1336","Geitonoplesium cymosum",34.2114266164899,"Gallagher_field_workPHD"
"1337","Geitonoplesium cymosum",30.9405940594059,"Gallagher_field_workPHD"
"1338","Geitonoplesium cymosum",30.543677458766,"Gallagher_field_workPHD"
"1339","Geitonoplesium cymosum",24.443901246639,"Gallagher_field_workPHD"
"1340","Geitonoplesium cymosum",21.8102508178844,"Gallagher_field_workPHD"
"1377","Geitonoplesium cymosum",39.471,"Gallagher_field_workPHD"
"2247","Geitonoplesium cymosum",15.97826443,"J. Lawson"
"286","Glochidion ferdinandi",11.87,"AUSTRAITS_dataset_10"
"463","Glochidion ferdinandi",11.869,"AUSTRAITS_dataset_52"
"1342","Glochidion ferdinandi",17.0328734457503,"Gallagher_field_workPHD"
"1343","Glochidion ferdinandi",15.3798831128883,"Gallagher_field_workPHD"
"1344","Glochidion ferdinandi",10.2564102564103,"Gallagher_field_workPHD"
"1393","Glochidion ferdinandi",14.894,"AUSTRAITS_dataset_32"
"1409","Glochidion ferdinandi",11.923,"AUSTRAITS_dataset_52"
"2239","Glochidion ferdinandi",12.84275212,"J. Lawson"
"2491","Glochidion ferdinandi",26.35716385,"C. James SEQLD field data"
"1386","Grevillea robusta",9.779,"AUSTRAITS_dataset_32"
"2225","Grevillea robusta",5.02,"C.K. Ong, C.R. Black, J.S. Wallace,  A.A.H. Khan,  J.E. Lott, N.A. Jackson, S.B. Howard, D.M. Smith. 2000. Productivity, microclimate and water use in Grevillea robusta-based agroforescan't find systems on hillslopes in semi-arid Kenya. Agriculture, Ecosystems & Environment  80,  121–141"
"2448","Grevillea robusta",11.48579689,"C. James SEQLD field data"
"2467","Grevillea robusta",10.54066454,"C. James SEQLD field data"
"2473","Grevillea robusta",14.47907036,"C. James SEQLD field data"
"2499","Grevillea robusta",12.32354931,"C. James SEQLD field data"
"222","Guioa semiglauca",10.72,"AUSTRAITS_dataset_10"
"1345","Guioa semiglauca",15.8478605388273,"Gallagher_field_workPHD"
"1346","Guioa semiglauca",14.0272127928181,"Gallagher_field_workPHD"
"1347","Guioa semiglauca",10.6394297265667,"Gallagher_field_workPHD"
"1348","Guioa semiglauca",9.61353585848875,"Gallagher_field_workPHD"
"1349","Guioa semiglauca",9.20979922637687,"Gallagher_field_workPHD"
"1350","Guioa semiglauca",8.71915598570058,"Gallagher_field_workPHD"
"1392","Guioa semiglauca",14.417,"AUSTRAITS_dataset_32"
"2241","Guioa semiglauca",13.21338531,"J. Lawson"
"2465","Guioa semiglauca",15.68643903,"C. James SEQLD field data"
"2475","Guioa semiglauca",10.6271624,"C. James SEQLD field data"
"2492","Guioa semiglauca",15.85108397,"C. James SEQLD field data"
"1351","Helicia glabriflora",8.4005376344086,"Gallagher_field_workPHD"
"168","Hippocratea barbata",38.669,"AUSTRAITS_dataset_8"
"1159","Hippocratea barbata",14.5369966564908,"Gallagher_field_workPHD"
"2462","Hymenosporum flavum",14.71574702,"C. James SEQLD field data"
"1160","Jagera pseudorhus",23.906287353574,"Gallagher_field_workPHD"
"1161","Jagera pseudorhus",20.6910821435961,"Gallagher_field_workPHD"
"256","Lantana camara",20.82,"AUSTRAITS_dataset_10"
"748","Lantana camara",19.02,"AUSTRAITS_dataset_8"
"921","Lantana camara",22.617,"AUSTRAITS_dataset_8"
"2476","Lantana camara",32.37951379,"C. James SEQLD field data"
"1162","Legnephora moorei",27.1517784414879,"Gallagher_field_workPHD"
"761","Ligustrum lucidum",12.006,"AUSTRAITS_dataset_8"
"1042","Ligustrum lucidum",12.01,"AUSTRAITS_dataset_10"
"1410","Ligustrum lucidum",11.927,"AUSTRAITS_dataset_52"
"2243","Ligustrum lucidum",13.67867229,"Leishman, M.R., Thomson, V.P., and Cooke, J. (2010) Native and exotic invasive plants have fundamentally similar carbon capture strategies. Journal of Ecology 98, 28-42."
"2477","Ligustrum lucidum",16.43672259,"C. James SEQLD field data"
"339","Ligustrum sinense",8.96,"AUSTRAITS_dataset_10"
"2235","Ligustrum sinense",10.46479477,"J. Lawson"
"2457","Ligustrum sinensis",42.8418513,"C. James SEQLD field data"
"29","Lomandra longifolia",1.656,"AUSTRAITS_dataset_8"
"184","Lomandra longifolia",3.377,"AUSTRAITS_dataset_8"
"509","Lomandra longifolia",2.477,"AUSTRAITS_dataset_8"
"629","Lomandra longifolia",6.431,"AUSTRAITS_dataset_8"
"766","Lomandra longifolia",1.824,"AUSTRAITS_dataset_8"
"1082","Lomandra longifolia",5.56,"AUSTRAITS_dataset_10"
"1118","Lomandra longifolia",7.007,"AUSTRAITS_dataset_8"
"1378","Lomandra longifolia",4.1991,"AUSTRAITS_dataset_32"
"1381","Lomandra longifolia",5.3576,"AUSTRAITS_dataset_32"
"2240","Lomandra longifolia",12.89337361,"J. Lawson"
"715","Lophostemon suaveolens",7.30460189919649,"AUSTRAITS_dataset_61"
"848","Lophostemon suaveolens",5.82784544553878,"AUSTRAITS_dataset_39"
"1056","Lophostemon suaveolens",16.1812297734628,"AUSTRAITS_dataset_43"
"1406","Lophostemon suaveolens",10.493,"AUSTRAITS_dataset_52"
"2226","Lophostemon suaveolens",7.299270073,"from raw data in  Prentice CI, Dong N, Gleason SM, Maire W, Wright IJ. 2013. Balancing the costs of carbon gain and water transport: testing a new theoretical framework for plant functional ecology. Ecology Letters, published online
"
"1401","Macadamia tetraphylla",6.254,"AUSTRAITS_dataset_52"
"1163","Maclura cochinchinensis",21.2811236433284,"Gallagher_field_workPHD"
"1164","Maclura cochinchinensis",21.0482003788676,"Gallagher_field_workPHD"
"1165","Maclura cochinchinensis",20.3210729526519,"Gallagher_field_workPHD"
"1166","Maclura cochinchinensis",20.0642054574639,"Gallagher_field_workPHD"
"1167","Maclura cochinchinensis",16.5453342157512,"Gallagher_field_workPHD"
"1168","Maclura cochinchinensis",15.4750851129681,"Gallagher_field_workPHD"
"1170","Maclura cochinchinensis",14.2207053469852,"Gallagher_field_workPHD"
"2493","Mallotus claoxyloides",17.06017648,"C. James SEQLD field data"
"2449","Mallotus philippensis",20.69770677,"C. James SEQLD field data"
"2452","Mallotus philippensis",21.71457969,"C. James SEQLD field data"
"2463","Mallotus philippensis",14.76386812,"C. James SEQLD field data"
"2478","Mallotus philippensis",19.34301946,"C. James SEQLD field data"
"702","Marsdenia rostrata",30.796,"AUSTRAITS_dataset_8"
"1171","Marsdenia rostrata",34.6860908775581,"Gallagher_field_workPHD"
"1172","Marsdenia rostrata",25.5427841634738,"Gallagher_field_workPHD"
"1173","Marsdenia rostrata",24.1196333815726,"Gallagher_field_workPHD"
"1174","Marsdenia rostrata",22.5275963054742,"Gallagher_field_workPHD"
"1175","Marsdenia rostrata",17.1909919202338,"Gallagher_field_workPHD"
"1388","Marsdenia rostrata",11.0345,"AUSTRAITS_dataset_32"
"2228","Melaleuca quinquenervia",7.962321972,"J. Lawson"
"1176","Mischocarpus pyriformis",9.18948722661275,"Gallagher_field_workPHD"
"1177","Mischocarpus pyriformis",8.91742464776173,"Gallagher_field_workPHD"
"1178","Mischocarpus pyriformis",8.61178091629349,"Gallagher_field_workPHD"
"1179","Mischocarpus pyriformis",8.42530963012891,"Gallagher_field_workPHD"
"60","Morinda jasminoides",26.12,"AUSTRAITS_dataset_10"
"85","Morinda jasminoides",31.278,"AUSTRAITS_dataset_8"
"240","Morinda jasminoides",15.6,"AUSTRAITS_dataset_8"
"243","Morinda jasminoides",31.851,"AUSTRAITS_dataset_8"
"253","Morinda jasminoides",23.353,"AUSTRAITS_dataset_8"
"267","Morinda jasminoides",23.637,"AUSTRAITS_dataset_52"
"1181","Morinda jasminoides",32.258064516129,"Gallagher_field_workPHD"
"1182","Morinda jasminoides",31.5258511979823,"Gallagher_field_workPHD"
"1183","Morinda jasminoides",27.4951883420401,"Gallagher_field_workPHD"
"1184","Morinda jasminoides",26.8456375838926,"Gallagher_field_workPHD"
"1185","Morinda jasminoides",26.5533722782793,"Gallagher_field_workPHD"
"1186","Morinda jasminoides",22.8675966155957,"Gallagher_field_workPHD"
"1187","Morinda jasminoides",21.982853374368,"Gallagher_field_workPHD"
"1188","Morinda jasminoides",15.7084511467169,"Gallagher_field_workPHD"
"1370","Morinda jasminoides",25.144,"Gallagher_field_workPHD"
"2254","Morinda jasminoides",34.47539929,"J. Lawson"
"1189","Myrsine variabilis",17.9565451607111,"Gallagher_field_workPHD"
"1190","Myrsine variabilis",12.4626121635095,"Gallagher_field_workPHD"
"1192","Myrsine variabilis",9.26612305411416,"Gallagher_field_workPHD"
"1193","Myrsine variabilis",8.76731544800982,"Gallagher_field_workPHD"
"2233","Myrsine variabilis",10.0098011,"J. Lawson"
"751","Neolitsea dealbata",12.157,"AUSTRAITS_dataset_8"
"944","Neolitsea dealbata",13.578,"AUSTRAITS_dataset_8"
"1116","Neolitsea dealbata",12.587,"AUSTRAITS_dataset_28"
"1125","Neolitsea dealbata",9.78473581213307,"AUSTRAITS_dataset_39"
"1133","Neolitsea dealbata",10.703,"AUSTRAITS_dataset_28"
"1134","Neolitsea dealbata",11.106,"AUSTRAITS_dataset_28"
"1194","Neolitsea dealbata",11.05216622458,"Gallagher_field_workPHD"
"1362","Neolitsea dealbata",16.9,"AUSTRAITS_dataset_23"
"2244","Neolitsea dealbata",13.7042141,"Lake, J. & Leishman, M.R. (2004) Invasion success of exotic plants in natural ecosystems: the role of disturbance, plant attributes and freedom from herbivores. Biological Conservation 117, 215-226."
"2479","Neolitsea dealbata",11.91295122,"C. James SEQLD field data"
"2483","Neolitsea dealbata",13.20101146,"C. James SEQLD field data"
"2494","Neolitsea dealbata",16.30732369,"C. James SEQLD field data"
"610","Notelaea longifolia",5.8369,"AUSTRAITS_dataset_12"
"1009","Notelaea longifolia",5.5764,"AUSTRAITS_dataset_12"
"1195","Notelaea longifolia",23.6630383341221,"Gallagher_field_workPHD"
"1196","Notelaea longifolia",10.9301563012351,"Gallagher_field_workPHD"
"1197","Notelaea longifolia",10.1936799184506,"Gallagher_field_workPHD"
"1198","Notelaea longifolia",10.0371374084111,"Gallagher_field_workPHD"
"1199","Notelaea longifolia",8.2815734989648,"Gallagher_field_workPHD"
"1200","Notelaea longifolia",7.27696114102751,"Gallagher_field_workPHD"
"1201","Notelaea longifolia",6.19195046439628,"Gallagher_field_workPHD"
"2229","Notelaea longifolia",8.496776279,"J. Lawson"
"91","Notelaea microcarpa",5.057,"AUSTRAITS_dataset_8"
"481","Notelaea microcarpa",8.173,"AUSTRAITS_dataset_8"
"56","Ochna serrulata",20.31,"AUSTRAITS_dataset_10"
"115","Ochna serrulata",21.102,"AUSTRAITS_dataset_8"
"251","Ochna serrulata",19.181,"AUSTRAITS_dataset_52"
"1203","Olea paniculata",15.1194436044754,"Gallagher_field_workPHD"
"10","Pandorea pandorana",24.308,"AUSTRAITS_dataset_8"
"35","Pandorea pandorana",29.051,"AUSTRAITS_dataset_8"
"125","Pandorea pandorana",41.995,"AUSTRAITS_dataset_8"
"149","Pandorea pandorana",18.587,"AUSTRAITS_dataset_8"
"719","Pandorea pandorana",28.62,"AUSTRAITS_dataset_10"
"1204","Pandorea pandorana",27.3747604708459,"Gallagher_field_workPHD"
"1205","Pandorea pandorana",10.1061141990905,"Gallagher_field_workPHD"
"1373","Pandorea pandorana",28.485,"Gallagher_field_workPHD"
"2255","Pandorea pandorana",34.62922997,"J. Lawson"
"1206","Pararchidendron pruinosum",24.6062992125984,"Gallagher_field_workPHD"
"95","Parsonsia straminea",37.305,"AUSTRAITS_dataset_8"
"161","Parsonsia straminea",29.981,"AUSTRAITS_dataset_52"
"687","Parsonsia straminea",26.87,"AUSTRAITS_dataset_10"
"1051","Parsonsia straminea",12.204,"AUSTRAITS_dataset_8"
"1207","Parsonsia straminea",20.5888408482602,"Gallagher_field_workPHD"
"1208","Parsonsia straminea",13.8888888888889,"Gallagher_field_workPHD"
"1209","Parsonsia straminea",11.6754232340922,"Gallagher_field_workPHD"
"1372","Parsonsia straminea",26.497,"Gallagher_field_workPHD"
"1417","Passiflora edulis",21.6,"AUSTRAITS_dataset_10"
"377","Pittosporum undulatum",8.5488,"AUSTRAITS_dataset_12"
"519","Pittosporum undulatum",9.573,"AUSTRAITS_dataset_8"
"651","Pittosporum undulatum",10.95,"AUSTRAITS_dataset_10"
"756","Pittosporum undulatum",11.559,"AUSTRAITS_dataset_28"
"789","Pittosporum undulatum",8.4318,"AUSTRAITS_dataset_12"
"792","Pittosporum undulatum",7.215,"AUSTRAITS_dataset_8"
"820","Pittosporum undulatum",11.593,"AUSTRAITS_dataset_28"
"856","Pittosporum undulatum",11.75,"AUSTRAITS_dataset_28"
"880","Pittosporum undulatum",10.09,"AUSTRAITS_dataset_8"
"960","Pittosporum undulatum",16.472,"AUSTRAITS_dataset_52"
"1210","Pittosporum undulatum",13.7362637362637,"Gallagher_field_workPHD"
"1211","Pittosporum undulatum",11.0778774786751,"Gallagher_field_workPHD"
"1212","Pittosporum undulatum",9.9147332936744,"Gallagher_field_workPHD"
"1214","Pittosporum undulatum",9.65810314854163,"Gallagher_field_workPHD"
"1383","Pittosporum undulatum",9.1925,"AUSTRAITS_dataset_32"
"1387","Pittosporum undulatum",10.4454,"AUSTRAITS_dataset_32"
"1397","Pittosporum undulatum",20.0724,"AUSTRAITS_dataset_32"
"1405","Pittosporum undulatum",10.465,"AUSTRAITS_dataset_52"
"918","Polyscias elegans",13.7362637362637,"AUSTRAITS_dataset_61"
"1215","Polyscias elegans",16.3132137030995,"Gallagher_field_workPHD"
"1216","Polyscias elegans",15.1171579743008,"Gallagher_field_workPHD"
"1217","Polyscias elegans",14.4175317185698,"Gallagher_field_workPHD"
"1218","Polyscias elegans",9.09338910611985,"Gallagher_field_workPHD"
"1389","Pothos longipes",12.0048,"AUSTRAITS_dataset_32"
"221","Psychotria loniceroides",11.2523911331158,"AUSTRAITS_dataset_39"
"409","Psychotria loniceroides",10.156,"AUSTRAITS_dataset_52"
"498","Psychotria loniceroides",14.261,"AUSTRAITS_dataset_8"
"580","Psychotria loniceroides",13.36,"AUSTRAITS_dataset_10"
"971","Psychotria loniceroides",15.608,"AUSTRAITS_dataset_52"
"1219","Psychotria loniceroides",21.7627856365615,"Gallagher_field_workPHD"
"1220","Psychotria loniceroides",16.2892979312592,"Gallagher_field_workPHD"
"68","Pteridium esculentum",8.27,"AUSTRAITS_dataset_8"
"129","Pteridium esculentum",10.795,"AUSTRAITS_dataset_8"
"777","Pteridium esculentum",9.45,"AUSTRAITS_dataset_3"
"1382","Pteridium esculentum",8.968,"AUSTRAITS_dataset_32"
"1395","Pteridium esculentum",17.9865,"AUSTRAITS_dataset_32"
"1400","Pteridium esculentum",6.091,"AUSTRAITS_dataset_52"
"2230","Pteridium esculentum",9.636298999,"J. Lawson"
"1361","Rhodamnia rubescens",10.993,"AUSTRAITS_dataset_46"
"1221","Rhodomyrtus psidioides",16.8976005407232,"Gallagher_field_workPHD"
"1222","Rhodomyrtus psidioides",9.35016362786349,"Gallagher_field_workPHD"
"2559","Ricinus communis",47.11,"Arnone and Korner 1993 http://link.springer.com/article/10.1007/BF00566966"
"2245","Rubus moluccanus",13.84331023,"Lake, J. & Leishman, M.R. (2004) Invasion success of exotic plants in natural ecosystems: the role of disturbance, plant attributes and freedom from herbivores. Biological Conservation 117, 215-226."
"63","Rubus rosifolius",16.433,"AUSTRAITS_dataset_8"
"510","Rubus rosifolius",31.486,"AUSTRAITS_dataset_8"
"1369","Rubus rosifolius",23.959,"Gallagher_field_workPHD"
"1223","Sarcopteryx stipata",9.16926462497708,"Gallagher_field_workPHD"
"843","Sloanea australis",17.99,"AUSTRAITS_dataset_8"
"1404","Sloanea australis",9.686,"AUSTRAITS_dataset_52"
"2484","Sloenea australis",16.50407796,"C. James SEQLD field data"
"2495","Sloenea australis",17.26399139,"C. James SEQLD field data"
"173","Smilax australis",9.55,"AUSTRAITS_dataset_10"
"526","Smilax australis",13.134,"AUSTRAITS_dataset_8"
"947","Smilax australis",12.725,"AUSTRAITS_dataset_8"
"968","Smilax australis",7.973,"AUSTRAITS_dataset_8"
"1225","Smilax australis",14.2045454545455,"Gallagher_field_workPHD"
"1226","Smilax australis",12.9954515919428,"Gallagher_field_workPHD"
"1227","Smilax australis",12.6806999746386,"Gallagher_field_workPHD"
"1228","Smilax australis",12.3548307388189,"Gallagher_field_workPHD"
"1229","Smilax australis",10.2891243955139,"Gallagher_field_workPHD"
"1230","Smilax australis",9.16758342500917,"Gallagher_field_workPHD"
"1231","Smilax australis",8.16326530612245,"Gallagher_field_workPHD"
"1363","Smilax australis",11.277,"Gallagher_field_workPHD"
"2236","Smilax australis",11.30089052,"J. Lawson"
"2249","Solanum mauritianum",20.12699687,"J. Lawson"
"593","Stephania japonica",25.97,"AUSTRAITS_dataset_8"
"1110","Stephania japonica",26.1,"AUSTRAITS_dataset_10"
"1232","Stephania japonica",24.4977951984321,"Gallagher_field_workPHD"
"1233","Stephania japonica",20.165355918532,"Gallagher_field_workPHD"
"1234","Stephania japonica",19.9401794616152,"Gallagher_field_workPHD"
"1236","Stephania japonica",13.0191381330556,"Gallagher_field_workPHD"
"2450","Streblus brunonianus",24.88002098,"C. James SEQLD field data"
"2468","Streblus brunonianus",17.2626691,"C. James SEQLD field data"
"4","Synoum glandulosum",12.4,"AUSTRAITS_dataset_3"
"198","Synoum glandulosum",10.5944,"AUSTRAITS_dataset_12"
"211","Synoum glandulosum",13.7132,"AUSTRAITS_dataset_12"
"265","Synoum glandulosum",9.0769,"AUSTRAITS_dataset_12"
"270","Synoum glandulosum",10.431,"AUSTRAITS_dataset_8"
"344","Synoum glandulosum",7.968,"AUSTRAITS_dataset_28"
"375","Synoum glandulosum",1.0855,"AUSTRAITS_dataset_13"
"422","Synoum glandulosum",12.059,"AUSTRAITS_dataset_8"
"471","Synoum glandulosum",14.137,"AUSTRAITS_dataset_8"
"489","Synoum glandulosum",10.107,"AUSTRAITS_dataset_52"
"656","Synoum glandulosum",10.619,"AUSTRAITS_dataset_28"
"682","Synoum glandulosum",14.157,"AUSTRAITS_dataset_52"
"779","Synoum glandulosum",14.663,"AUSTRAITS_dataset_8"
"797","Synoum glandulosum",8.739,"AUSTRAITS_dataset_28"
"1237","Synoum glandulosum",23.4796900680911,"Gallagher_field_workPHD"
"1238","Synoum glandulosum",18.5597624350408,"Gallagher_field_workPHD"
"1239","Synoum glandulosum",16.914749661705,"Gallagher_field_workPHD"
"1240","Synoum glandulosum",11.0107905747633,"Gallagher_field_workPHD"
"1384","Synoum glandulosum",9.3196,"AUSTRAITS_dataset_20"
"1407","Synoum glandulosum",10.855,"AUSTRAITS_dataset_52"
"1413","Synoum glandulosum",13.1,"AUSTRAITS_dataset_10"
"2480","Synoum glandulosum",19.31673517,"C. James SEQLD field data"
"2458","Syzygium australae",16.17224236,"C. James SEQLD field data"
"1241","Syzygium australe",15.5617802676626,"Gallagher_field_workPHD"
"1242","Syzygium australe",12.187690432663,"Gallagher_field_workPHD"
"1243","Syzygium australe",10.8766586904503,"Gallagher_field_workPHD"
"1244","Syzygium australe",10.4449550866931,"Gallagher_field_workPHD"
"2557","Syzygium floribundum",13.58,"J. Lawson fieldwork"
"1245","Syzygium luehmannii",15.3869826127096,"Gallagher_field_workPHD"
"1247","Syzygium luehmannii",13.6500136500136,"Gallagher_field_workPHD"
"1248","Syzygium luehmannii",12.7145581691036,"Gallagher_field_workPHD"
"218","Syzygium oleosum",13.011,"AUSTRAITS_dataset_8"
"818","Syzygium oleosum",11.054,"AUSTRAITS_dataset_8"
"1249","Syzygium oleosum",11.8920204542752,"Gallagher_field_workPHD"
"1250","Syzygium oleosum",11.2069931637342,"Gallagher_field_workPHD"
"1251","Syzygium oleosum",10.9373291042327,"Gallagher_field_workPHD"
"2234","Syzygium oleosum",10.06692345,"J. Lawson"
"296","Toona ciliata",15.855,"AUSTRAITS_dataset_52"
"1098","Toona ciliata",16.1394448030988,"AUSTRAITS_dataset_39"
"1412","Toona ciliata",12.804,"AUSTRAITS_dataset_52"
"587","Trema tomentosa",16.9376693766938,"AUSTRAITS_dataset_39"
"1252","Trema tomentosa",17.7967609894999,"Gallagher_field_workPHD"
"2257","Trema tomentosa",47.89616722,"J. Lawson"
"1402","Tristaniopsis laurina",6.93,"AUSTRAITS_dataset_52"
"2227","Tristaniopsis laurina",7.480275655,"J. Lawson"
"625","Trophis scandens",5.652,"AUSTRAITS_dataset_52"
"1253","Trophis scandens",13.4535180949818,"Gallagher_field_workPHD"
"1254","Trophis scandens",11.9175306876415,"Gallagher_field_workPHD"
"1255","Trophis scandens",11.4246544042043,"Gallagher_field_workPHD"
"1256","Trophis scandens",10.5462982493145,"Gallagher_field_workPHD"
"1258","Trophis scandens",9.58956655159187,"Gallagher_field_workPHD"
"1259","Trophis scandens",9.24556213017751,"Gallagher_field_workPHD"
"2238","Trophis scandens",12.13768338,"J. Lawson"
"193","Wikstroemia indica",25.1572327044025,"AUSTRAITS_dataset_39"
"19","Wilkiea huegeliana",10.5,"AUSTRAITS_dataset_3"
"534","Wilkiea huegeliana",10.249,"AUSTRAITS_dataset_8"
"801","Wilkiea huegeliana",9.84,"AUSTRAITS_dataset_10"
"907","Wilkiea huegeliana",9.194,"AUSTRAITS_dataset_8"
"977","Wilkiea huegeliana",11.978,"AUSTRAITS_dataset_8"
"992","Wilkiea huegeliana",9.276,"AUSTRAITS_dataset_8"
"1076","Wilkiea huegeliana",8.42,"AUSTRAITS_dataset_8"
"1260","Wilkiea huegeliana",11.3391540991042,"Gallagher_field_workPHD"
"1261","Wilkiea huegeliana",9.53107129241327,"Gallagher_field_workPHD"
"1262","Wilkiea huegeliana",9.18864283745291,"Gallagher_field_workPHD"
"1263","Wilkiea huegeliana",7.32708089097304,"Gallagher_field_workPHD"
"2231","Wilkiea huegeliana",9.85,"Lake, J. & Leishman, M.R. (2004) Invasion success of exotic plants in natural ecosystems: the role of disturbance, plant attributes and freedom from herbivores. Biological Conservation 117, 215-226."
"2481","Wilkiea huegeliana",10.38166489,"C. James SEQLD field data"
"2485","Wilkiea huegeliana",12.37561159,"C. James SEQLD field data"
